0,1,7,0.7446897126197418,"[(8, 59), (8, 3), (8, 28), (9, 41), (9, 6), (9, 13), (5, 27), (5, 0), (5, 17), (5, 55), (10, 29), (0, 50), (0, 7), (0, 60), (0, 55), (0, 47), (0, 23), (0, 36), (2, 53), (2, 35), (2, 22), (2, 31), (13, 32), (14, 37), (14, 38), (15, 17), (15, 30), (15, 55), (16, 20), (16, 37), (16, 38), (17, 50), (17, 7), (17, 30), (17, 47), (17, 23), (17, 36), (1, 54), (1, 41), (1, 28), (18, 21), (19, 11), (7, 55), (21, 33), (21, 29), (22, 53), (22, 35), (22, 24), (22, 39), (22, 42), (24, 35), (24, 39), (24, 42), (24, 31), (25, 26), (27, 55), (27, 47), (27, 23), (27, 36), (30, 50), (30, 60), (30, 47), (30, 23), (31, 53), (31, 35), (31, 39), (31, 42), (33, 37), (33, 38), (33, 12), (34, 37), (34, 49), (35, 56), (35, 39), (35, 42), (36, 55), (23, 55), (37, 40), (37, 43), (37, 61), (38, 44), (38, 43), (38, 52), (38, 58), (39, 56), (39, 53), (39, 45), (41, 54), (42, 53), (42, 45), (45, 53), (46, 49), (47, 55), (51, 4), (11, 48), (53, 56), (54, 57), (55, 60)]"
0,2,7,0.7446897126197418,"[(8, 59), (8, 3), (8, 28), (9, 41), (9, 6), (9, 13), (5, 27), (5, 0), (5, 17), (5, 55), (10, 29), (0, 50), (0, 7), (0, 60), (0, 55), (0, 47), (0, 23), (0, 36), (2, 53), (2, 35), (2, 22), (2, 31), (13, 32), (14, 37), (14, 38), (15, 17), (15, 30), (15, 55), (16, 20), (16, 37), (16, 38), (17, 50), (17, 7), (17, 30), (17, 47), (17, 23), (17, 36), (1, 54), (1, 41), (1, 28), (18, 21), (19, 11), (7, 55), (21, 33), (21, 29), (22, 53), (22, 35), (22, 24), (22, 39), (22, 42), (24, 35), (24, 39), (24, 42), (24, 31), (25, 26), (27, 55), (27, 47), (27, 23), (27, 36), (30, 50), (30, 60), (30, 47), (30, 23), (31, 53), (31, 35), (31, 39), (31, 42), (33, 37), (33, 38), (33, 12), (34, 37), (34, 49), (35, 56), (35, 39), (35, 42), (36, 55), (23, 55), (37, 40), (37, 43), (37, 61), (38, 44), (38, 43), (38, 52), (38, 58), (39, 56), (39, 53), (39, 45), (41, 54), (42, 53), (42, 45), (45, 53), (46, 49), (47, 55), (51, 4), (11, 48), (53, 56), (54, 57), (55, 60)]"
0,3,7,0.7446897126197418,"[(8, 59), (8, 3), (8, 28), (9, 41), (9, 6), (9, 13), (5, 27), (5, 0), (5, 17), (5, 55), (10, 29), (0, 50), (0, 7), (0, 60), (0, 55), (0, 47), (0, 23), (0, 36), (2, 53), (2, 35), (2, 22), (2, 31), (13, 32), (14, 37), (14, 38), (15, 17), (15, 30), (15, 55), (16, 20), (16, 37), (16, 38), (17, 50), (17, 7), (17, 30), (17, 47), (17, 23), (17, 36), (1, 54), (1, 41), (1, 28), (18, 21), (19, 11), (7, 55), (21, 33), (21, 29), (22, 53), (22, 35), (22, 24), (22, 39), (22, 42), (24, 35), (24, 39), (24, 42), (24, 31), (25, 26), (27, 55), (27, 47), (27, 23), (27, 36), (30, 50), (30, 60), (30, 47), (30, 23), (31, 53), (31, 35), (31, 39), (31, 42), (33, 37), (33, 38), (33, 12), (34, 37), (34, 49), (35, 56), (35, 39), (35, 42), (36, 55), (23, 55), (37, 40), (37, 43), (37, 61), (38, 44), (38, 43), (38, 52), (38, 58), (39, 56), (39, 53), (39, 45), (41, 54), (42, 53), (42, 45), (45, 53), (46, 49), (47, 55), (51, 4), (11, 48), (53, 56), (54, 57), (55, 60)]"
0,4,7,0.7446897126197418,"[(8, 59), (8, 3), (8, 28), (9, 41), (9, 6), (9, 13), (5, 27), (5, 0), (5, 17), (5, 55), (10, 29), (0, 50), (0, 7), (0, 60), (0, 55), (0, 47), (0, 23), (0, 36), (2, 53), (2, 35), (2, 22), (2, 31), (13, 32), (14, 37), (14, 38), (15, 17), (15, 30), (15, 55), (16, 20), (16, 37), (16, 38), (17, 50), (17, 7), (17, 30), (17, 47), (17, 23), (17, 36), (1, 54), (1, 41), (1, 28), (18, 21), (19, 11), (7, 55), (21, 33), (21, 29), (22, 53), (22, 35), (22, 24), (22, 39), (22, 42), (24, 35), (24, 39), (24, 42), (24, 31), (25, 26), (27, 55), (27, 47), (27, 23), (27, 36), (30, 50), (30, 60), (30, 47), (30, 23), (31, 53), (31, 35), (31, 39), (31, 42), (33, 37), (33, 38), (33, 12), (34, 37), (34, 49), (35, 56), (35, 39), (35, 42), (36, 55), (23, 55), (37, 40), (37, 43), (37, 61), (38, 44), (38, 43), (38, 52), (38, 58), (39, 56), (39, 53), (39, 45), (41, 54), (42, 53), (42, 45), (45, 53), (46, 49), (47, 55), (51, 4), (11, 48), (53, 56), (54, 57), (55, 60)]"
0,5,7,0.7446897126197418,"[(8, 59), (8, 3), (8, 28), (9, 41), (9, 6), (9, 13), (5, 27), (5, 0), (5, 17), (5, 55), (10, 29), (0, 50), (0, 7), (0, 60), (0, 55), (0, 47), (0, 23), (0, 36), (2, 53), (2, 35), (2, 22), (2, 31), (13, 32), (14, 37), (14, 38), (15, 17), (15, 30), (15, 55), (16, 20), (16, 37), (16, 38), (17, 50), (17, 7), (17, 30), (17, 47), (17, 23), (17, 36), (1, 54), (1, 41), (1, 28), (18, 21), (19, 11), (7, 55), (21, 33), (21, 29), (22, 53), (22, 35), (22, 24), (22, 39), (22, 42), (24, 35), (24, 39), (24, 42), (24, 31), (25, 26), (27, 55), (27, 47), (27, 23), (27, 36), (30, 50), (30, 60), (30, 47), (30, 23), (31, 53), (31, 35), (31, 39), (31, 42), (33, 37), (33, 38), (33, 12), (34, 37), (34, 49), (35, 56), (35, 39), (35, 42), (36, 55), (23, 55), (37, 40), (37, 43), (37, 61), (38, 44), (38, 43), (38, 52), (38, 58), (39, 56), (39, 53), (39, 45), (41, 54), (42, 53), (42, 45), (45, 53), (46, 49), (47, 55), (51, 4), (11, 48), (53, 56), (54, 57), (55, 60)]"
0,6,7,0.7446897126197418,"[(8, 59), (8, 3), (8, 28), (9, 41), (9, 6), (9, 13), (5, 27), (5, 0), (5, 17), (5, 55), (10, 29), (0, 50), (0, 7), (0, 60), (0, 55), (0, 47), (0, 23), (0, 36), (2, 53), (2, 35), (2, 22), (2, 31), (13, 32), (14, 37), (14, 38), (15, 17), (15, 30), (15, 55), (16, 20), (16, 37), (16, 38), (17, 50), (17, 7), (17, 30), (17, 47), (17, 23), (17, 36), (1, 54), (1, 41), (1, 28), (18, 21), (19, 11), (7, 55), (21, 33), (21, 29), (22, 53), (22, 35), (22, 24), (22, 39), (22, 42), (24, 35), (24, 39), (24, 42), (24, 31), (25, 26), (27, 55), (27, 47), (27, 23), (27, 36), (30, 50), (30, 60), (30, 47), (30, 23), (31, 53), (31, 35), (31, 39), (31, 42), (33, 37), (33, 38), (33, 12), (34, 37), (34, 49), (35, 56), (35, 39), (35, 42), (36, 55), (23, 55), (37, 40), (37, 43), (37, 61), (38, 44), (38, 43), (38, 52), (38, 58), (39, 56), (39, 53), (39, 45), (41, 54), (42, 53), (42, 45), (45, 53), (46, 49), (47, 55), (51, 4), (11, 48), (53, 56), (54, 57), (55, 60)]"
0,7,7,0.7446897126197418,"[(8, 59), (8, 3), (8, 28), (9, 41), (9, 6), (9, 13), (5, 27), (5, 0), (5, 17), (5, 55), (10, 29), (0, 50), (0, 7), (0, 60), (0, 55), (0, 47), (0, 23), (0, 36), (2, 53), (2, 35), (2, 22), (2, 31), (13, 32), (14, 37), (14, 38), (15, 17), (15, 30), (15, 55), (16, 20), (16, 37), (16, 38), (17, 50), (17, 7), (17, 30), (17, 47), (17, 23), (17, 36), (1, 54), (1, 41), (1, 28), (18, 21), (19, 11), (7, 55), (21, 33), (21, 29), (22, 53), (22, 35), (22, 24), (22, 39), (22, 42), (24, 35), (24, 39), (24, 42), (24, 31), (25, 26), (27, 55), (27, 47), (27, 23), (27, 36), (30, 50), (30, 60), (30, 47), (30, 23), (31, 53), (31, 35), (31, 39), (31, 42), (33, 37), (33, 38), (33, 12), (34, 37), (34, 49), (35, 56), (35, 39), (35, 42), (36, 55), (23, 55), (37, 40), (37, 43), (37, 61), (38, 44), (38, 43), (38, 52), (38, 58), (39, 56), (39, 53), (39, 45), (41, 54), (42, 53), (42, 45), (45, 53), (46, 49), (47, 55), (51, 4), (11, 48), (53, 56), (54, 57), (55, 60)]"
0,8,7,0.7446897126197418,"[(8, 59), (8, 3), (8, 28), (9, 41), (9, 6), (9, 13), (5, 27), (5, 0), (5, 17), (5, 55), (10, 29), (0, 50), (0, 7), (0, 60), (0, 55), (0, 47), (0, 23), (0, 36), (2, 53), (2, 35), (2, 22), (2, 31), (13, 32), (14, 37), (14, 38), (15, 17), (15, 30), (15, 55), (16, 20), (16, 37), (16, 38), (17, 50), (17, 7), (17, 30), (17, 47), (17, 23), (17, 36), (1, 54), (1, 41), (1, 28), (18, 21), (19, 11), (7, 55), (21, 33), (21, 29), (22, 53), (22, 35), (22, 24), (22, 39), (22, 42), (24, 35), (24, 39), (24, 42), (24, 31), (25, 26), (27, 55), (27, 47), (27, 23), (27, 36), (30, 50), (30, 60), (30, 47), (30, 23), (31, 53), (31, 35), (31, 39), (31, 42), (33, 37), (33, 38), (33, 12), (34, 37), (34, 49), (35, 56), (35, 39), (35, 42), (36, 55), (23, 55), (37, 40), (37, 43), (37, 61), (38, 44), (38, 43), (38, 52), (38, 58), (39, 56), (39, 53), (39, 45), (41, 54), (42, 53), (42, 45), (45, 53), (46, 49), (47, 55), (51, 4), (11, 48), (53, 56), (54, 57), (55, 60)]"
0,9,7,0.7446897126197418,"[(8, 59), (8, 3), (8, 28), (9, 41), (9, 6), (9, 13), (5, 27), (5, 0), (5, 17), (5, 55), (10, 29), (0, 50), (0, 7), (0, 60), (0, 55), (0, 47), (0, 23), (0, 36), (2, 53), (2, 35), (2, 22), (2, 31), (13, 32), (14, 37), (14, 38), (15, 17), (15, 30), (15, 55), (16, 20), (16, 37), (16, 38), (17, 50), (17, 7), (17, 30), (17, 47), (17, 23), (17, 36), (1, 54), (1, 41), (1, 28), (18, 21), (19, 11), (7, 55), (21, 33), (21, 29), (22, 53), (22, 35), (22, 24), (22, 39), (22, 42), (24, 35), (24, 39), (24, 42), (24, 31), (25, 26), (27, 55), (27, 47), (27, 23), (27, 36), (30, 50), (30, 60), (30, 47), (30, 23), (31, 53), (31, 35), (31, 39), (31, 42), (33, 37), (33, 38), (33, 12), (34, 37), (34, 49), (35, 56), (35, 39), (35, 42), (36, 55), (23, 55), (37, 40), (37, 43), (37, 61), (38, 44), (38, 43), (38, 52), (38, 58), (39, 56), (39, 53), (39, 45), (41, 54), (42, 53), (42, 45), (45, 53), (46, 49), (47, 55), (51, 4), (11, 48), (53, 56), (54, 57), (55, 60)]"
0,10,7,0.7446897126197418,"[(8, 59), (8, 3), (8, 28), (9, 41), (9, 6), (9, 13), (5, 27), (5, 0), (5, 17), (5, 55), (10, 29), (0, 50), (0, 7), (0, 60), (0, 55), (0, 47), (0, 23), (0, 36), (2, 53), (2, 35), (2, 22), (2, 31), (13, 32), (14, 37), (14, 38), (15, 17), (15, 30), (15, 55), (16, 20), (16, 37), (16, 38), (17, 50), (17, 7), (17, 30), (17, 47), (17, 23), (17, 36), (1, 54), (1, 41), (1, 28), (18, 21), (19, 11), (7, 55), (21, 33), (21, 29), (22, 53), (22, 35), (22, 24), (22, 39), (22, 42), (24, 35), (24, 39), (24, 42), (24, 31), (25, 26), (27, 55), (27, 47), (27, 23), (27, 36), (30, 50), (30, 60), (30, 47), (30, 23), (31, 53), (31, 35), (31, 39), (31, 42), (33, 37), (33, 38), (33, 12), (34, 37), (34, 49), (35, 56), (35, 39), (35, 42), (36, 55), (23, 55), (37, 40), (37, 43), (37, 61), (38, 44), (38, 43), (38, 52), (38, 58), (39, 56), (39, 53), (39, 45), (41, 54), (42, 53), (42, 45), (45, 53), (46, 49), (47, 55), (51, 4), (11, 48), (53, 56), (54, 57), (55, 60)]"
0,11,7,0.7446897126197418,"[(8, 59), (8, 3), (8, 28), (9, 41), (9, 6), (9, 13), (5, 27), (5, 0), (5, 17), (5, 55), (10, 29), (0, 50), (0, 7), (0, 60), (0, 55), (0, 47), (0, 23), (0, 36), (2, 53), (2, 35), (2, 22), (2, 31), (13, 32), (14, 37), (14, 38), (15, 17), (15, 30), (15, 55), (16, 20), (16, 37), (16, 38), (17, 50), (17, 7), (17, 30), (17, 47), (17, 23), (17, 36), (1, 54), (1, 41), (1, 28), (18, 21), (19, 11), (7, 55), (21, 33), (21, 29), (22, 53), (22, 35), (22, 24), (22, 39), (22, 42), (24, 35), (24, 39), (24, 42), (24, 31), (25, 26), (27, 55), (27, 47), (27, 23), (27, 36), (30, 50), (30, 60), (30, 47), (30, 23), (31, 53), (31, 35), (31, 39), (31, 42), (33, 37), (33, 38), (33, 12), (34, 37), (34, 49), (35, 56), (35, 39), (35, 42), (36, 55), (23, 55), (37, 40), (37, 43), (37, 61), (38, 44), (38, 43), (38, 52), (38, 58), (39, 56), (39, 53), (39, 45), (41, 54), (42, 53), (42, 45), (45, 53), (46, 49), (47, 55), (51, 4), (11, 48), (53, 56), (54, 57), (55, 60)]"
0,12,7,0.7446897126197418,"[(8, 59), (8, 3), (8, 28), (9, 41), (9, 6), (9, 13), (5, 27), (5, 0), (5, 17), (5, 55), (10, 29), (0, 50), (0, 7), (0, 60), (0, 55), (0, 47), (0, 23), (0, 36), (2, 53), (2, 35), (2, 22), (2, 31), (13, 32), (14, 37), (14, 38), (15, 17), (15, 30), (15, 55), (16, 20), (16, 37), (16, 38), (17, 50), (17, 7), (17, 30), (17, 47), (17, 23), (17, 36), (1, 54), (1, 41), (1, 28), (18, 21), (19, 11), (7, 55), (21, 33), (21, 29), (22, 53), (22, 35), (22, 24), (22, 39), (22, 42), (24, 35), (24, 39), (24, 42), (24, 31), (25, 26), (27, 55), (27, 47), (27, 23), (27, 36), (30, 50), (30, 60), (30, 47), (30, 23), (31, 53), (31, 35), (31, 39), (31, 42), (33, 37), (33, 38), (33, 12), (34, 37), (34, 49), (35, 56), (35, 39), (35, 42), (36, 55), (23, 55), (37, 40), (37, 43), (37, 61), (38, 44), (38, 43), (38, 52), (38, 58), (39, 56), (39, 53), (39, 45), (41, 54), (42, 53), (42, 45), (45, 53), (46, 49), (47, 55), (51, 4), (11, 48), (53, 56), (54, 57), (55, 60)]"
0,13,7,0.7446897126197418,"[(8, 59), (8, 3), (8, 28), (9, 41), (9, 6), (9, 13), (5, 27), (5, 0), (5, 17), (5, 55), (10, 29), (0, 50), (0, 7), (0, 60), (0, 55), (0, 47), (0, 23), (0, 36), (2, 53), (2, 35), (2, 22), (2, 31), (13, 32), (14, 37), (14, 38), (15, 17), (15, 30), (15, 55), (16, 20), (16, 37), (16, 38), (17, 50), (17, 7), (17, 30), (17, 47), (17, 23), (17, 36), (1, 54), (1, 41), (1, 28), (18, 21), (19, 11), (7, 55), (21, 33), (21, 29), (22, 53), (22, 35), (22, 24), (22, 39), (22, 42), (24, 35), (24, 39), (24, 42), (24, 31), (25, 26), (27, 55), (27, 47), (27, 23), (27, 36), (30, 50), (30, 60), (30, 47), (30, 23), (31, 53), (31, 35), (31, 39), (31, 42), (33, 37), (33, 38), (33, 12), (34, 37), (34, 49), (35, 56), (35, 39), (35, 42), (36, 55), (23, 55), (37, 40), (37, 43), (37, 61), (38, 44), (38, 43), (38, 52), (38, 58), (39, 56), (39, 53), (39, 45), (41, 54), (42, 53), (42, 45), (45, 53), (46, 49), (47, 55), (51, 4), (11, 48), (53, 56), (54, 57), (55, 60)]"
0,14,7,0.7446897126197418,"[(8, 59), (8, 3), (8, 28), (9, 41), (9, 6), (9, 13), (5, 27), (5, 0), (5, 17), (5, 55), (10, 29), (0, 50), (0, 7), (0, 60), (0, 55), (0, 47), (0, 23), (0, 36), (2, 53), (2, 35), (2, 22), (2, 31), (13, 32), (14, 37), (14, 38), (15, 17), (15, 30), (15, 55), (16, 20), (16, 37), (16, 38), (17, 50), (17, 7), (17, 30), (17, 47), (17, 23), (17, 36), (1, 54), (1, 41), (1, 28), (18, 21), (19, 11), (7, 55), (21, 33), (21, 29), (22, 53), (22, 35), (22, 24), (22, 39), (22, 42), (24, 35), (24, 39), (24, 42), (24, 31), (25, 26), (27, 55), (27, 47), (27, 23), (27, 36), (30, 50), (30, 60), (30, 47), (30, 23), (31, 53), (31, 35), (31, 39), (31, 42), (33, 37), (33, 38), (33, 12), (34, 37), (34, 49), (35, 56), (35, 39), (35, 42), (36, 55), (23, 55), (37, 40), (37, 43), (37, 61), (38, 44), (38, 43), (38, 52), (38, 58), (39, 56), (39, 53), (39, 45), (41, 54), (42, 53), (42, 45), (45, 53), (46, 49), (47, 55), (51, 4), (11, 48), (53, 56), (54, 57), (55, 60)]"
0,15,7,0.7446897126197418,"[(8, 59), (8, 3), (8, 28), (9, 41), (9, 6), (9, 13), (5, 27), (5, 0), (5, 17), (5, 55), (10, 29), (0, 50), (0, 7), (0, 60), (0, 55), (0, 47), (0, 23), (0, 36), (2, 53), (2, 35), (2, 22), (2, 31), (13, 32), (14, 37), (14, 38), (15, 17), (15, 30), (15, 55), (16, 20), (16, 37), (16, 38), (17, 50), (17, 7), (17, 30), (17, 47), (17, 23), (17, 36), (1, 54), (1, 41), (1, 28), (18, 21), (19, 11), (7, 55), (21, 33), (21, 29), (22, 53), (22, 35), (22, 24), (22, 39), (22, 42), (24, 35), (24, 39), (24, 42), (24, 31), (25, 26), (27, 55), (27, 47), (27, 23), (27, 36), (30, 50), (30, 60), (30, 47), (30, 23), (31, 53), (31, 35), (31, 39), (31, 42), (33, 37), (33, 38), (33, 12), (34, 37), (34, 49), (35, 56), (35, 39), (35, 42), (36, 55), (23, 55), (37, 40), (37, 43), (37, 61), (38, 44), (38, 43), (38, 52), (38, 58), (39, 56), (39, 53), (39, 45), (41, 54), (42, 53), (42, 45), (45, 53), (46, 49), (47, 55), (51, 4), (11, 48), (53, 56), (54, 57), (55, 60)]"
0,16,7,0.7446897126197418,"[(8, 59), (8, 3), (8, 28), (9, 41), (9, 6), (9, 13), (5, 27), (5, 0), (5, 17), (5, 55), (10, 29), (0, 50), (0, 7), (0, 60), (0, 55), (0, 47), (0, 23), (0, 36), (2, 53), (2, 35), (2, 22), (2, 31), (13, 32), (14, 37), (14, 38), (15, 17), (15, 30), (15, 55), (16, 20), (16, 37), (16, 38), (17, 50), (17, 7), (17, 30), (17, 47), (17, 23), (17, 36), (1, 54), (1, 41), (1, 28), (18, 21), (19, 11), (7, 55), (21, 33), (21, 29), (22, 53), (22, 35), (22, 24), (22, 39), (22, 42), (24, 35), (24, 39), (24, 42), (24, 31), (25, 26), (27, 55), (27, 47), (27, 23), (27, 36), (30, 50), (30, 60), (30, 47), (30, 23), (31, 53), (31, 35), (31, 39), (31, 42), (33, 37), (33, 38), (33, 12), (34, 37), (34, 49), (35, 56), (35, 39), (35, 42), (36, 55), (23, 55), (37, 40), (37, 43), (37, 61), (38, 44), (38, 43), (38, 52), (38, 58), (39, 56), (39, 53), (39, 45), (41, 54), (42, 53), (42, 45), (45, 53), (46, 49), (47, 55), (51, 4), (11, 48), (53, 56), (54, 57), (55, 60)]"
0,17,7,0.7446897126197418,"[(8, 59), (8, 3), (8, 28), (9, 41), (9, 6), (9, 13), (5, 27), (5, 0), (5, 17), (5, 55), (10, 29), (0, 50), (0, 7), (0, 60), (0, 55), (0, 47), (0, 23), (0, 36), (2, 53), (2, 35), (2, 22), (2, 31), (13, 32), (14, 37), (14, 38), (15, 17), (15, 30), (15, 55), (16, 20), (16, 37), (16, 38), (17, 50), (17, 7), (17, 30), (17, 47), (17, 23), (17, 36), (1, 54), (1, 41), (1, 28), (18, 21), (19, 11), (7, 55), (21, 33), (21, 29), (22, 53), (22, 35), (22, 24), (22, 39), (22, 42), (24, 35), (24, 39), (24, 42), (24, 31), (25, 26), (27, 55), (27, 47), (27, 23), (27, 36), (30, 50), (30, 60), (30, 47), (30, 23), (31, 53), (31, 35), (31, 39), (31, 42), (33, 37), (33, 38), (33, 12), (34, 37), (34, 49), (35, 56), (35, 39), (35, 42), (36, 55), (23, 55), (37, 40), (37, 43), (37, 61), (38, 44), (38, 43), (38, 52), (38, 58), (39, 56), (39, 53), (39, 45), (41, 54), (42, 53), (42, 45), (45, 53), (46, 49), (47, 55), (51, 4), (11, 48), (53, 56), (54, 57), (55, 60)]"
0,18,7,0.7446897126197418,"[(8, 59), (8, 3), (8, 28), (9, 41), (9, 6), (9, 13), (5, 27), (5, 0), (5, 17), (5, 55), (10, 29), (0, 50), (0, 7), (0, 60), (0, 55), (0, 47), (0, 23), (0, 36), (2, 53), (2, 35), (2, 22), (2, 31), (13, 32), (14, 37), (14, 38), (15, 17), (15, 30), (15, 55), (16, 20), (16, 37), (16, 38), (17, 50), (17, 7), (17, 30), (17, 47), (17, 23), (17, 36), (1, 54), (1, 41), (1, 28), (18, 21), (19, 11), (7, 55), (21, 33), (21, 29), (22, 53), (22, 35), (22, 24), (22, 39), (22, 42), (24, 35), (24, 39), (24, 42), (24, 31), (25, 26), (27, 55), (27, 47), (27, 23), (27, 36), (30, 50), (30, 60), (30, 47), (30, 23), (31, 53), (31, 35), (31, 39), (31, 42), (33, 37), (33, 38), (33, 12), (34, 37), (34, 49), (35, 56), (35, 39), (35, 42), (36, 55), (23, 55), (37, 40), (37, 43), (37, 61), (38, 44), (38, 43), (38, 52), (38, 58), (39, 56), (39, 53), (39, 45), (41, 54), (42, 53), (42, 45), (45, 53), (46, 49), (47, 55), (51, 4), (11, 48), (53, 56), (54, 57), (55, 60)]"
0,19,7,0.7446897126197418,"[(8, 59), (8, 3), (8, 28), (9, 41), (9, 6), (9, 13), (5, 27), (5, 0), (5, 17), (5, 55), (10, 29), (0, 50), (0, 7), (0, 60), (0, 55), (0, 47), (0, 23), (0, 36), (2, 53), (2, 35), (2, 22), (2, 31), (13, 32), (14, 37), (14, 38), (15, 17), (15, 30), (15, 55), (16, 20), (16, 37), (16, 38), (17, 50), (17, 7), (17, 30), (17, 47), (17, 23), (17, 36), (1, 54), (1, 41), (1, 28), (18, 21), (19, 11), (7, 55), (21, 33), (21, 29), (22, 53), (22, 35), (22, 24), (22, 39), (22, 42), (24, 35), (24, 39), (24, 42), (24, 31), (25, 26), (27, 55), (27, 47), (27, 23), (27, 36), (30, 50), (30, 60), (30, 47), (30, 23), (31, 53), (31, 35), (31, 39), (31, 42), (33, 37), (33, 38), (33, 12), (34, 37), (34, 49), (35, 56), (35, 39), (35, 42), (36, 55), (23, 55), (37, 40), (37, 43), (37, 61), (38, 44), (38, 43), (38, 52), (38, 58), (39, 56), (39, 53), (39, 45), (41, 54), (42, 53), (42, 45), (45, 53), (46, 49), (47, 55), (51, 4), (11, 48), (53, 56), (54, 57), (55, 60)]"
0,20,7,0.7446897126197418,"[(8, 59), (8, 3), (8, 28), (9, 41), (9, 6), (9, 13), (5, 27), (5, 0), (5, 17), (5, 55), (10, 29), (0, 50), (0, 7), (0, 60), (0, 55), (0, 47), (0, 23), (0, 36), (2, 53), (2, 35), (2, 22), (2, 31), (13, 32), (14, 37), (14, 38), (15, 17), (15, 30), (15, 55), (16, 20), (16, 37), (16, 38), (17, 50), (17, 7), (17, 30), (17, 47), (17, 23), (17, 36), (1, 54), (1, 41), (1, 28), (18, 21), (19, 11), (7, 55), (21, 33), (21, 29), (22, 53), (22, 35), (22, 24), (22, 39), (22, 42), (24, 35), (24, 39), (24, 42), (24, 31), (25, 26), (27, 55), (27, 47), (27, 23), (27, 36), (30, 50), (30, 60), (30, 47), (30, 23), (31, 53), (31, 35), (31, 39), (31, 42), (33, 37), (33, 38), (33, 12), (34, 37), (34, 49), (35, 56), (35, 39), (35, 42), (36, 55), (23, 55), (37, 40), (37, 43), (37, 61), (38, 44), (38, 43), (38, 52), (38, 58), (39, 56), (39, 53), (39, 45), (41, 54), (42, 53), (42, 45), (45, 53), (46, 49), (47, 55), (51, 4), (11, 48), (53, 56), (54, 57), (55, 60)]"
0,21,7,0.7446897126197418,"[(8, 59), (8, 3), (8, 28), (9, 41), (9, 6), (9, 13), (5, 27), (5, 0), (5, 17), (5, 55), (10, 29), (0, 50), (0, 7), (0, 60), (0, 55), (0, 47), (0, 23), (0, 36), (2, 53), (2, 35), (2, 22), (2, 31), (13, 32), (14, 37), (14, 38), (15, 17), (15, 30), (15, 55), (16, 20), (16, 37), (16, 38), (17, 50), (17, 7), (17, 30), (17, 47), (17, 23), (17, 36), (1, 54), (1, 41), (1, 28), (18, 21), (19, 11), (7, 55), (21, 33), (21, 29), (22, 53), (22, 35), (22, 24), (22, 39), (22, 42), (24, 35), (24, 39), (24, 42), (24, 31), (25, 26), (27, 55), (27, 47), (27, 23), (27, 36), (30, 50), (30, 60), (30, 47), (30, 23), (31, 53), (31, 35), (31, 39), (31, 42), (33, 37), (33, 38), (33, 12), (34, 37), (34, 49), (35, 56), (35, 39), (35, 42), (36, 55), (23, 55), (37, 40), (37, 43), (37, 61), (38, 44), (38, 43), (38, 52), (38, 58), (39, 56), (39, 53), (39, 45), (41, 54), (42, 53), (42, 45), (45, 53), (46, 49), (47, 55), (51, 4), (11, 48), (53, 56), (54, 57), (55, 60)]"
0,22,7,0.7446897126197418,"[(8, 59), (8, 3), (8, 28), (9, 41), (9, 6), (9, 13), (5, 27), (5, 0), (5, 17), (5, 55), (10, 29), (0, 50), (0, 7), (0, 60), (0, 55), (0, 47), (0, 23), (0, 36), (2, 53), (2, 35), (2, 22), (2, 31), (13, 32), (14, 37), (14, 38), (15, 17), (15, 30), (15, 55), (16, 20), (16, 37), (16, 38), (17, 50), (17, 7), (17, 30), (17, 47), (17, 23), (17, 36), (1, 54), (1, 41), (1, 28), (18, 21), (19, 11), (7, 55), (21, 33), (21, 29), (22, 53), (22, 35), (22, 24), (22, 39), (22, 42), (24, 35), (24, 39), (24, 42), (24, 31), (25, 26), (27, 55), (27, 47), (27, 23), (27, 36), (30, 50), (30, 60), (30, 47), (30, 23), (31, 53), (31, 35), (31, 39), (31, 42), (33, 37), (33, 38), (33, 12), (34, 37), (34, 49), (35, 56), (35, 39), (35, 42), (36, 55), (23, 55), (37, 40), (37, 43), (37, 61), (38, 44), (38, 43), (38, 52), (38, 58), (39, 56), (39, 53), (39, 45), (41, 54), (42, 53), (42, 45), (45, 53), (46, 49), (47, 55), (51, 4), (11, 48), (53, 56), (54, 57), (55, 60)]"
0,23,7,0.7446897126197418,"[(8, 59), (8, 3), (8, 28), (9, 41), (9, 6), (9, 13), (5, 27), (5, 0), (5, 17), (5, 55), (10, 29), (0, 50), (0, 7), (0, 60), (0, 55), (0, 47), (0, 23), (0, 36), (2, 53), (2, 35), (2, 22), (2, 31), (13, 32), (14, 37), (14, 38), (15, 17), (15, 30), (15, 55), (16, 20), (16, 37), (16, 38), (17, 50), (17, 7), (17, 30), (17, 47), (17, 23), (17, 36), (1, 54), (1, 41), (1, 28), (18, 21), (19, 11), (7, 55), (21, 33), (21, 29), (22, 53), (22, 35), (22, 24), (22, 39), (22, 42), (24, 35), (24, 39), (24, 42), (24, 31), (25, 26), (27, 55), (27, 47), (27, 23), (27, 36), (30, 50), (30, 60), (30, 47), (30, 23), (31, 53), (31, 35), (31, 39), (31, 42), (33, 37), (33, 38), (33, 12), (34, 37), (34, 49), (35, 56), (35, 39), (35, 42), (36, 55), (23, 55), (37, 40), (37, 43), (37, 61), (38, 44), (38, 43), (38, 52), (38, 58), (39, 56), (39, 53), (39, 45), (41, 54), (42, 53), (42, 45), (45, 53), (46, 49), (47, 55), (51, 4), (11, 48), (53, 56), (54, 57), (55, 60)]"
0,24,7,0.7446897126197418,"[(8, 59), (8, 3), (8, 28), (9, 41), (9, 6), (9, 13), (5, 27), (5, 0), (5, 17), (5, 55), (10, 29), (0, 50), (0, 7), (0, 60), (0, 55), (0, 47), (0, 23), (0, 36), (2, 53), (2, 35), (2, 22), (2, 31), (13, 32), (14, 37), (14, 38), (15, 17), (15, 30), (15, 55), (16, 20), (16, 37), (16, 38), (17, 50), (17, 7), (17, 30), (17, 47), (17, 23), (17, 36), (1, 54), (1, 41), (1, 28), (18, 21), (19, 11), (7, 55), (21, 33), (21, 29), (22, 53), (22, 35), (22, 24), (22, 39), (22, 42), (24, 35), (24, 39), (24, 42), (24, 31), (25, 26), (27, 55), (27, 47), (27, 23), (27, 36), (30, 50), (30, 60), (30, 47), (30, 23), (31, 53), (31, 35), (31, 39), (31, 42), (33, 37), (33, 38), (33, 12), (34, 37), (34, 49), (35, 56), (35, 39), (35, 42), (36, 55), (23, 55), (37, 40), (37, 43), (37, 61), (38, 44), (38, 43), (38, 52), (38, 58), (39, 56), (39, 53), (39, 45), (41, 54), (42, 53), (42, 45), (45, 53), (46, 49), (47, 55), (51, 4), (11, 48), (53, 56), (54, 57), (55, 60)]"
0,25,7,0.7446897126197418,"[(8, 59), (8, 3), (8, 28), (9, 41), (9, 6), (9, 13), (5, 27), (5, 0), (5, 17), (5, 55), (10, 29), (0, 50), (0, 7), (0, 60), (0, 55), (0, 47), (0, 23), (0, 36), (2, 53), (2, 35), (2, 22), (2, 31), (13, 32), (14, 37), (14, 38), (15, 17), (15, 30), (15, 55), (16, 20), (16, 37), (16, 38), (17, 50), (17, 7), (17, 30), (17, 47), (17, 23), (17, 36), (1, 54), (1, 41), (1, 28), (18, 21), (19, 11), (7, 55), (21, 33), (21, 29), (22, 53), (22, 35), (22, 24), (22, 39), (22, 42), (24, 35), (24, 39), (24, 42), (24, 31), (25, 26), (27, 55), (27, 47), (27, 23), (27, 36), (30, 50), (30, 60), (30, 47), (30, 23), (31, 53), (31, 35), (31, 39), (31, 42), (33, 37), (33, 38), (33, 12), (34, 37), (34, 49), (35, 56), (35, 39), (35, 42), (36, 55), (23, 55), (37, 40), (37, 43), (37, 61), (38, 44), (38, 43), (38, 52), (38, 58), (39, 56), (39, 53), (39, 45), (41, 54), (42, 53), (42, 45), (45, 53), (46, 49), (47, 55), (51, 4), (11, 48), (53, 56), (54, 57), (55, 60)]"
0,26,7,0.7446897126197418,"[(8, 59), (8, 3), (8, 28), (9, 41), (9, 6), (9, 13), (5, 27), (5, 0), (5, 17), (5, 55), (10, 29), (0, 50), (0, 7), (0, 60), (0, 55), (0, 47), (0, 23), (0, 36), (2, 53), (2, 35), (2, 22), (2, 31), (13, 32), (14, 37), (14, 38), (15, 17), (15, 30), (15, 55), (16, 20), (16, 37), (16, 38), (17, 50), (17, 7), (17, 30), (17, 47), (17, 23), (17, 36), (1, 54), (1, 41), (1, 28), (18, 21), (19, 11), (7, 55), (21, 33), (21, 29), (22, 53), (22, 35), (22, 24), (22, 39), (22, 42), (24, 35), (24, 39), (24, 42), (24, 31), (25, 26), (27, 55), (27, 47), (27, 23), (27, 36), (30, 50), (30, 60), (30, 47), (30, 23), (31, 53), (31, 35), (31, 39), (31, 42), (33, 37), (33, 38), (33, 12), (34, 37), (34, 49), (35, 56), (35, 39), (35, 42), (36, 55), (23, 55), (37, 40), (37, 43), (37, 61), (38, 44), (38, 43), (38, 52), (38, 58), (39, 56), (39, 53), (39, 45), (41, 54), (42, 53), (42, 45), (45, 53), (46, 49), (47, 55), (51, 4), (11, 48), (53, 56), (54, 57), (55, 60)]"
0,27,7,0.7446897126197418,"[(8, 59), (8, 3), (8, 28), (9, 41), (9, 6), (9, 13), (5, 27), (5, 0), (5, 17), (5, 55), (10, 29), (0, 50), (0, 7), (0, 60), (0, 55), (0, 47), (0, 23), (0, 36), (2, 53), (2, 35), (2, 22), (2, 31), (13, 32), (14, 37), (14, 38), (15, 17), (15, 30), (15, 55), (16, 20), (16, 37), (16, 38), (17, 50), (17, 7), (17, 30), (17, 47), (17, 23), (17, 36), (1, 54), (1, 41), (1, 28), (18, 21), (19, 11), (7, 55), (21, 33), (21, 29), (22, 53), (22, 35), (22, 24), (22, 39), (22, 42), (24, 35), (24, 39), (24, 42), (24, 31), (25, 26), (27, 55), (27, 47), (27, 23), (27, 36), (30, 50), (30, 60), (30, 47), (30, 23), (31, 53), (31, 35), (31, 39), (31, 42), (33, 37), (33, 38), (33, 12), (34, 37), (34, 49), (35, 56), (35, 39), (35, 42), (36, 55), (23, 55), (37, 40), (37, 43), (37, 61), (38, 44), (38, 43), (38, 52), (38, 58), (39, 56), (39, 53), (39, 45), (41, 54), (42, 53), (42, 45), (45, 53), (46, 49), (47, 55), (51, 4), (11, 48), (53, 56), (54, 57), (55, 60)]"
0,28,7,0.7446897126197418,"[(8, 59), (8, 3), (8, 28), (9, 41), (9, 6), (9, 13), (5, 27), (5, 0), (5, 17), (5, 55), (10, 29), (0, 50), (0, 7), (0, 60), (0, 55), (0, 47), (0, 23), (0, 36), (2, 53), (2, 35), (2, 22), (2, 31), (13, 32), (14, 37), (14, 38), (15, 17), (15, 30), (15, 55), (16, 20), (16, 37), (16, 38), (17, 50), (17, 7), (17, 30), (17, 47), (17, 23), (17, 36), (1, 54), (1, 41), (1, 28), (18, 21), (19, 11), (7, 55), (21, 33), (21, 29), (22, 53), (22, 35), (22, 24), (22, 39), (22, 42), (24, 35), (24, 39), (24, 42), (24, 31), (25, 26), (27, 55), (27, 47), (27, 23), (27, 36), (30, 50), (30, 60), (30, 47), (30, 23), (31, 53), (31, 35), (31, 39), (31, 42), (33, 37), (33, 38), (33, 12), (34, 37), (34, 49), (35, 56), (35, 39), (35, 42), (36, 55), (23, 55), (37, 40), (37, 43), (37, 61), (38, 44), (38, 43), (38, 52), (38, 58), (39, 56), (39, 53), (39, 45), (41, 54), (42, 53), (42, 45), (45, 53), (46, 49), (47, 55), (51, 4), (11, 48), (53, 56), (54, 57), (55, 60)]"
0,29,7,0.7446897126197418,"[(8, 59), (8, 3), (8, 28), (9, 41), (9, 6), (9, 13), (5, 27), (5, 0), (5, 17), (5, 55), (10, 29), (0, 50), (0, 7), (0, 60), (0, 55), (0, 47), (0, 23), (0, 36), (2, 53), (2, 35), (2, 22), (2, 31), (13, 32), (14, 37), (14, 38), (15, 17), (15, 30), (15, 55), (16, 20), (16, 37), (16, 38), (17, 50), (17, 7), (17, 30), (17, 47), (17, 23), (17, 36), (1, 54), (1, 41), (1, 28), (18, 21), (19, 11), (7, 55), (21, 33), (21, 29), (22, 53), (22, 35), (22, 24), (22, 39), (22, 42), (24, 35), (24, 39), (24, 42), (24, 31), (25, 26), (27, 55), (27, 47), (27, 23), (27, 36), (30, 50), (30, 60), (30, 47), (30, 23), (31, 53), (31, 35), (31, 39), (31, 42), (33, 37), (33, 38), (33, 12), (34, 37), (34, 49), (35, 56), (35, 39), (35, 42), (36, 55), (23, 55), (37, 40), (37, 43), (37, 61), (38, 44), (38, 43), (38, 52), (38, 58), (39, 56), (39, 53), (39, 45), (41, 54), (42, 53), (42, 45), (45, 53), (46, 49), (47, 55), (51, 4), (11, 48), (53, 56), (54, 57), (55, 60)]"
0,30,7,0.7446897126197418,"[(8, 59), (8, 3), (8, 28), (9, 41), (9, 6), (9, 13), (5, 27), (5, 0), (5, 17), (5, 55), (10, 29), (0, 50), (0, 7), (0, 60), (0, 55), (0, 47), (0, 23), (0, 36), (2, 53), (2, 35), (2, 22), (2, 31), (13, 32), (14, 37), (14, 38), (15, 17), (15, 30), (15, 55), (16, 20), (16, 37), (16, 38), (17, 50), (17, 7), (17, 30), (17, 47), (17, 23), (17, 36), (1, 54), (1, 41), (1, 28), (18, 21), (19, 11), (7, 55), (21, 33), (21, 29), (22, 53), (22, 35), (22, 24), (22, 39), (22, 42), (24, 35), (24, 39), (24, 42), (24, 31), (25, 26), (27, 55), (27, 47), (27, 23), (27, 36), (30, 50), (30, 60), (30, 47), (30, 23), (31, 53), (31, 35), (31, 39), (31, 42), (33, 37), (33, 38), (33, 12), (34, 37), (34, 49), (35, 56), (35, 39), (35, 42), (36, 55), (23, 55), (37, 40), (37, 43), (37, 61), (38, 44), (38, 43), (38, 52), (38, 58), (39, 56), (39, 53), (39, 45), (41, 54), (42, 53), (42, 45), (45, 53), (46, 49), (47, 55), (51, 4), (11, 48), (53, 56), (54, 57), (55, 60)]"
0,31,7,0.7446897126197418,"[(8, 59), (8, 3), (8, 28), (9, 41), (9, 6), (9, 13), (5, 27), (5, 0), (5, 17), (5, 55), (10, 29), (0, 50), (0, 7), (0, 60), (0, 55), (0, 47), (0, 23), (0, 36), (2, 53), (2, 35), (2, 22), (2, 31), (13, 32), (14, 37), (14, 38), (15, 17), (15, 30), (15, 55), (16, 20), (16, 37), (16, 38), (17, 50), (17, 7), (17, 30), (17, 47), (17, 23), (17, 36), (1, 54), (1, 41), (1, 28), (18, 21), (19, 11), (7, 55), (21, 33), (21, 29), (22, 53), (22, 35), (22, 24), (22, 39), (22, 42), (24, 35), (24, 39), (24, 42), (24, 31), (25, 26), (27, 55), (27, 47), (27, 23), (27, 36), (30, 50), (30, 60), (30, 47), (30, 23), (31, 53), (31, 35), (31, 39), (31, 42), (33, 37), (33, 38), (33, 12), (34, 37), (34, 49), (35, 56), (35, 39), (35, 42), (36, 55), (23, 55), (37, 40), (37, 43), (37, 61), (38, 44), (38, 43), (38, 52), (38, 58), (39, 56), (39, 53), (39, 45), (41, 54), (42, 53), (42, 45), (45, 53), (46, 49), (47, 55), (51, 4), (11, 48), (53, 56), (54, 57), (55, 60)]"
0,32,7,0.7446897126197418,"[(8, 59), (8, 3), (8, 28), (9, 41), (9, 6), (9, 13), (5, 27), (5, 0), (5, 17), (5, 55), (10, 29), (0, 50), (0, 7), (0, 60), (0, 55), (0, 47), (0, 23), (0, 36), (2, 53), (2, 35), (2, 22), (2, 31), (13, 32), (14, 37), (14, 38), (15, 17), (15, 30), (15, 55), (16, 20), (16, 37), (16, 38), (17, 50), (17, 7), (17, 30), (17, 47), (17, 23), (17, 36), (1, 54), (1, 41), (1, 28), (18, 21), (19, 11), (7, 55), (21, 33), (21, 29), (22, 53), (22, 35), (22, 24), (22, 39), (22, 42), (24, 35), (24, 39), (24, 42), (24, 31), (25, 26), (27, 55), (27, 47), (27, 23), (27, 36), (30, 50), (30, 60), (30, 47), (30, 23), (31, 53), (31, 35), (31, 39), (31, 42), (33, 37), (33, 38), (33, 12), (34, 37), (34, 49), (35, 56), (35, 39), (35, 42), (36, 55), (23, 55), (37, 40), (37, 43), (37, 61), (38, 44), (38, 43), (38, 52), (38, 58), (39, 56), (39, 53), (39, 45), (41, 54), (42, 53), (42, 45), (45, 53), (46, 49), (47, 55), (51, 4), (11, 48), (53, 56), (54, 57), (55, 60)]"
0,33,7,0.7446897126197418,"[(8, 59), (8, 3), (8, 28), (9, 41), (9, 6), (9, 13), (5, 27), (5, 0), (5, 17), (5, 55), (10, 29), (0, 50), (0, 7), (0, 60), (0, 55), (0, 47), (0, 23), (0, 36), (2, 53), (2, 35), (2, 22), (2, 31), (13, 32), (14, 37), (14, 38), (15, 17), (15, 30), (15, 55), (16, 20), (16, 37), (16, 38), (17, 50), (17, 7), (17, 30), (17, 47), (17, 23), (17, 36), (1, 54), (1, 41), (1, 28), (18, 21), (19, 11), (7, 55), (21, 33), (21, 29), (22, 53), (22, 35), (22, 24), (22, 39), (22, 42), (24, 35), (24, 39), (24, 42), (24, 31), (25, 26), (27, 55), (27, 47), (27, 23), (27, 36), (30, 50), (30, 60), (30, 47), (30, 23), (31, 53), (31, 35), (31, 39), (31, 42), (33, 37), (33, 38), (33, 12), (34, 37), (34, 49), (35, 56), (35, 39), (35, 42), (36, 55), (23, 55), (37, 40), (37, 43), (37, 61), (38, 44), (38, 43), (38, 52), (38, 58), (39, 56), (39, 53), (39, 45), (41, 54), (42, 53), (42, 45), (45, 53), (46, 49), (47, 55), (51, 4), (11, 48), (53, 56), (54, 57), (55, 60)]"
0,34,7,0.7446897126197418,"[(8, 59), (8, 3), (8, 28), (9, 41), (9, 6), (9, 13), (5, 27), (5, 0), (5, 17), (5, 55), (10, 29), (0, 50), (0, 7), (0, 60), (0, 55), (0, 47), (0, 23), (0, 36), (2, 53), (2, 35), (2, 22), (2, 31), (13, 32), (14, 37), (14, 38), (15, 17), (15, 30), (15, 55), (16, 20), (16, 37), (16, 38), (17, 50), (17, 7), (17, 30), (17, 47), (17, 23), (17, 36), (1, 54), (1, 41), (1, 28), (18, 21), (19, 11), (7, 55), (21, 33), (21, 29), (22, 53), (22, 35), (22, 24), (22, 39), (22, 42), (24, 35), (24, 39), (24, 42), (24, 31), (25, 26), (27, 55), (27, 47), (27, 23), (27, 36), (30, 50), (30, 60), (30, 47), (30, 23), (31, 53), (31, 35), (31, 39), (31, 42), (33, 37), (33, 38), (33, 12), (34, 37), (34, 49), (35, 56), (35, 39), (35, 42), (36, 55), (23, 55), (37, 40), (37, 43), (37, 61), (38, 44), (38, 43), (38, 52), (38, 58), (39, 56), (39, 53), (39, 45), (41, 54), (42, 53), (42, 45), (45, 53), (46, 49), (47, 55), (51, 4), (11, 48), (53, 56), (54, 57), (55, 60)]"
0,35,7,0.7446897126197418,"[(8, 59), (8, 3), (8, 28), (9, 41), (9, 6), (9, 13), (5, 27), (5, 0), (5, 17), (5, 55), (10, 29), (0, 50), (0, 7), (0, 60), (0, 55), (0, 47), (0, 23), (0, 36), (2, 53), (2, 35), (2, 22), (2, 31), (13, 32), (14, 37), (14, 38), (15, 17), (15, 30), (15, 55), (16, 20), (16, 37), (16, 38), (17, 50), (17, 7), (17, 30), (17, 47), (17, 23), (17, 36), (1, 54), (1, 41), (1, 28), (18, 21), (19, 11), (7, 55), (21, 33), (21, 29), (22, 53), (22, 35), (22, 24), (22, 39), (22, 42), (24, 35), (24, 39), (24, 42), (24, 31), (25, 26), (27, 55), (27, 47), (27, 23), (27, 36), (30, 50), (30, 60), (30, 47), (30, 23), (31, 53), (31, 35), (31, 39), (31, 42), (33, 37), (33, 38), (33, 12), (34, 37), (34, 49), (35, 56), (35, 39), (35, 42), (36, 55), (23, 55), (37, 40), (37, 43), (37, 61), (38, 44), (38, 43), (38, 52), (38, 58), (39, 56), (39, 53), (39, 45), (41, 54), (42, 53), (42, 45), (45, 53), (46, 49), (47, 55), (51, 4), (11, 48), (53, 56), (54, 57), (55, 60)]"
0,36,7,0.7446897126197418,"[(8, 59), (8, 3), (8, 28), (9, 41), (9, 6), (9, 13), (5, 27), (5, 0), (5, 17), (5, 55), (10, 29), (0, 50), (0, 7), (0, 60), (0, 55), (0, 47), (0, 23), (0, 36), (2, 53), (2, 35), (2, 22), (2, 31), (13, 32), (14, 37), (14, 38), (15, 17), (15, 30), (15, 55), (16, 20), (16, 37), (16, 38), (17, 50), (17, 7), (17, 30), (17, 47), (17, 23), (17, 36), (1, 54), (1, 41), (1, 28), (18, 21), (19, 11), (7, 55), (21, 33), (21, 29), (22, 53), (22, 35), (22, 24), (22, 39), (22, 42), (24, 35), (24, 39), (24, 42), (24, 31), (25, 26), (27, 55), (27, 47), (27, 23), (27, 36), (30, 50), (30, 60), (30, 47), (30, 23), (31, 53), (31, 35), (31, 39), (31, 42), (33, 37), (33, 38), (33, 12), (34, 37), (34, 49), (35, 56), (35, 39), (35, 42), (36, 55), (23, 55), (37, 40), (37, 43), (37, 61), (38, 44), (38, 43), (38, 52), (38, 58), (39, 56), (39, 53), (39, 45), (41, 54), (42, 53), (42, 45), (45, 53), (46, 49), (47, 55), (51, 4), (11, 48), (53, 56), (54, 57), (55, 60)]"
0,37,7,0.7446897126197418,"[(8, 59), (8, 3), (8, 28), (9, 41), (9, 6), (9, 13), (5, 27), (5, 0), (5, 17), (5, 55), (10, 29), (0, 50), (0, 7), (0, 60), (0, 55), (0, 47), (0, 23), (0, 36), (2, 53), (2, 35), (2, 22), (2, 31), (13, 32), (14, 37), (14, 38), (15, 17), (15, 30), (15, 55), (16, 20), (16, 37), (16, 38), (17, 50), (17, 7), (17, 30), (17, 47), (17, 23), (17, 36), (1, 54), (1, 41), (1, 28), (18, 21), (19, 11), (7, 55), (21, 33), (21, 29), (22, 53), (22, 35), (22, 24), (22, 39), (22, 42), (24, 35), (24, 39), (24, 42), (24, 31), (25, 26), (27, 55), (27, 47), (27, 23), (27, 36), (30, 50), (30, 60), (30, 47), (30, 23), (31, 53), (31, 35), (31, 39), (31, 42), (33, 37), (33, 38), (33, 12), (34, 37), (34, 49), (35, 56), (35, 39), (35, 42), (36, 55), (23, 55), (37, 40), (37, 43), (37, 61), (38, 44), (38, 43), (38, 52), (38, 58), (39, 56), (39, 53), (39, 45), (41, 54), (42, 53), (42, 45), (45, 53), (46, 49), (47, 55), (51, 4), (11, 48), (53, 56), (54, 57), (55, 60)]"
0,38,7,0.7446897126197418,"[(8, 59), (8, 3), (8, 28), (9, 41), (9, 6), (9, 13), (5, 27), (5, 0), (5, 17), (5, 55), (10, 29), (0, 50), (0, 7), (0, 60), (0, 55), (0, 47), (0, 23), (0, 36), (2, 53), (2, 35), (2, 22), (2, 31), (13, 32), (14, 37), (14, 38), (15, 17), (15, 30), (15, 55), (16, 20), (16, 37), (16, 38), (17, 50), (17, 7), (17, 30), (17, 47), (17, 23), (17, 36), (1, 54), (1, 41), (1, 28), (18, 21), (19, 11), (7, 55), (21, 33), (21, 29), (22, 53), (22, 35), (22, 24), (22, 39), (22, 42), (24, 35), (24, 39), (24, 42), (24, 31), (25, 26), (27, 55), (27, 47), (27, 23), (27, 36), (30, 50), (30, 60), (30, 47), (30, 23), (31, 53), (31, 35), (31, 39), (31, 42), (33, 37), (33, 38), (33, 12), (34, 37), (34, 49), (35, 56), (35, 39), (35, 42), (36, 55), (23, 55), (37, 40), (37, 43), (37, 61), (38, 44), (38, 43), (38, 52), (38, 58), (39, 56), (39, 53), (39, 45), (41, 54), (42, 53), (42, 45), (45, 53), (46, 49), (47, 55), (51, 4), (11, 48), (53, 56), (54, 57), (55, 60)]"
0,39,7,0.7446897126197418,"[(8, 59), (8, 3), (8, 28), (9, 41), (9, 6), (9, 13), (5, 27), (5, 0), (5, 17), (5, 55), (10, 29), (0, 50), (0, 7), (0, 60), (0, 55), (0, 47), (0, 23), (0, 36), (2, 53), (2, 35), (2, 22), (2, 31), (13, 32), (14, 37), (14, 38), (15, 17), (15, 30), (15, 55), (16, 20), (16, 37), (16, 38), (17, 50), (17, 7), (17, 30), (17, 47), (17, 23), (17, 36), (1, 54), (1, 41), (1, 28), (18, 21), (19, 11), (7, 55), (21, 33), (21, 29), (22, 53), (22, 35), (22, 24), (22, 39), (22, 42), (24, 35), (24, 39), (24, 42), (24, 31), (25, 26), (27, 55), (27, 47), (27, 23), (27, 36), (30, 50), (30, 60), (30, 47), (30, 23), (31, 53), (31, 35), (31, 39), (31, 42), (33, 37), (33, 38), (33, 12), (34, 37), (34, 49), (35, 56), (35, 39), (35, 42), (36, 55), (23, 55), (37, 40), (37, 43), (37, 61), (38, 44), (38, 43), (38, 52), (38, 58), (39, 56), (39, 53), (39, 45), (41, 54), (42, 53), (42, 45), (45, 53), (46, 49), (47, 55), (51, 4), (11, 48), (53, 56), (54, 57), (55, 60)]"
0,40,7,0.7446897126197418,"[(8, 59), (8, 3), (8, 28), (9, 41), (9, 6), (9, 13), (5, 27), (5, 0), (5, 17), (5, 55), (10, 29), (0, 50), (0, 7), (0, 60), (0, 55), (0, 47), (0, 23), (0, 36), (2, 53), (2, 35), (2, 22), (2, 31), (13, 32), (14, 37), (14, 38), (15, 17), (15, 30), (15, 55), (16, 20), (16, 37), (16, 38), (17, 50), (17, 7), (17, 30), (17, 47), (17, 23), (17, 36), (1, 54), (1, 41), (1, 28), (18, 21), (19, 11), (7, 55), (21, 33), (21, 29), (22, 53), (22, 35), (22, 24), (22, 39), (22, 42), (24, 35), (24, 39), (24, 42), (24, 31), (25, 26), (27, 55), (27, 47), (27, 23), (27, 36), (30, 50), (30, 60), (30, 47), (30, 23), (31, 53), (31, 35), (31, 39), (31, 42), (33, 37), (33, 38), (33, 12), (34, 37), (34, 49), (35, 56), (35, 39), (35, 42), (36, 55), (23, 55), (37, 40), (37, 43), (37, 61), (38, 44), (38, 43), (38, 52), (38, 58), (39, 56), (39, 53), (39, 45), (41, 54), (42, 53), (42, 45), (45, 53), (46, 49), (47, 55), (51, 4), (11, 48), (53, 56), (54, 57), (55, 60)]"
0,41,7,0.7446897126197418,"[(8, 59), (8, 3), (8, 28), (9, 41), (9, 6), (9, 13), (5, 27), (5, 0), (5, 17), (5, 55), (10, 29), (0, 50), (0, 7), (0, 60), (0, 55), (0, 47), (0, 23), (0, 36), (2, 53), (2, 35), (2, 22), (2, 31), (13, 32), (14, 37), (14, 38), (15, 17), (15, 30), (15, 55), (16, 20), (16, 37), (16, 38), (17, 50), (17, 7), (17, 30), (17, 47), (17, 23), (17, 36), (1, 54), (1, 41), (1, 28), (18, 21), (19, 11), (7, 55), (21, 33), (21, 29), (22, 53), (22, 35), (22, 24), (22, 39), (22, 42), (24, 35), (24, 39), (24, 42), (24, 31), (25, 26), (27, 55), (27, 47), (27, 23), (27, 36), (30, 50), (30, 60), (30, 47), (30, 23), (31, 53), (31, 35), (31, 39), (31, 42), (33, 37), (33, 38), (33, 12), (34, 37), (34, 49), (35, 56), (35, 39), (35, 42), (36, 55), (23, 55), (37, 40), (37, 43), (37, 61), (38, 44), (38, 43), (38, 52), (38, 58), (39, 56), (39, 53), (39, 45), (41, 54), (42, 53), (42, 45), (45, 53), (46, 49), (47, 55), (51, 4), (11, 48), (53, 56), (54, 57), (55, 60)]"
0,42,7,0.7446897126197418,"[(8, 59), (8, 3), (8, 28), (9, 41), (9, 6), (9, 13), (5, 27), (5, 0), (5, 17), (5, 55), (10, 29), (0, 50), (0, 7), (0, 60), (0, 55), (0, 47), (0, 23), (0, 36), (2, 53), (2, 35), (2, 22), (2, 31), (13, 32), (14, 37), (14, 38), (15, 17), (15, 30), (15, 55), (16, 20), (16, 37), (16, 38), (17, 50), (17, 7), (17, 30), (17, 47), (17, 23), (17, 36), (1, 54), (1, 41), (1, 28), (18, 21), (19, 11), (7, 55), (21, 33), (21, 29), (22, 53), (22, 35), (22, 24), (22, 39), (22, 42), (24, 35), (24, 39), (24, 42), (24, 31), (25, 26), (27, 55), (27, 47), (27, 23), (27, 36), (30, 50), (30, 60), (30, 47), (30, 23), (31, 53), (31, 35), (31, 39), (31, 42), (33, 37), (33, 38), (33, 12), (34, 37), (34, 49), (35, 56), (35, 39), (35, 42), (36, 55), (23, 55), (37, 40), (37, 43), (37, 61), (38, 44), (38, 43), (38, 52), (38, 58), (39, 56), (39, 53), (39, 45), (41, 54), (42, 53), (42, 45), (45, 53), (46, 49), (47, 55), (51, 4), (11, 48), (53, 56), (54, 57), (55, 60)]"
0,43,7,0.7446897126197418,"[(8, 59), (8, 3), (8, 28), (9, 41), (9, 6), (9, 13), (5, 27), (5, 0), (5, 17), (5, 55), (10, 29), (0, 50), (0, 7), (0, 60), (0, 55), (0, 47), (0, 23), (0, 36), (2, 53), (2, 35), (2, 22), (2, 31), (13, 32), (14, 37), (14, 38), (15, 17), (15, 30), (15, 55), (16, 20), (16, 37), (16, 38), (17, 50), (17, 7), (17, 30), (17, 47), (17, 23), (17, 36), (1, 54), (1, 41), (1, 28), (18, 21), (19, 11), (7, 55), (21, 33), (21, 29), (22, 53), (22, 35), (22, 24), (22, 39), (22, 42), (24, 35), (24, 39), (24, 42), (24, 31), (25, 26), (27, 55), (27, 47), (27, 23), (27, 36), (30, 50), (30, 60), (30, 47), (30, 23), (31, 53), (31, 35), (31, 39), (31, 42), (33, 37), (33, 38), (33, 12), (34, 37), (34, 49), (35, 56), (35, 39), (35, 42), (36, 55), (23, 55), (37, 40), (37, 43), (37, 61), (38, 44), (38, 43), (38, 52), (38, 58), (39, 56), (39, 53), (39, 45), (41, 54), (42, 53), (42, 45), (45, 53), (46, 49), (47, 55), (51, 4), (11, 48), (53, 56), (54, 57), (55, 60)]"
0,44,7,0.7446897126197418,"[(8, 59), (8, 3), (8, 28), (9, 41), (9, 6), (9, 13), (5, 27), (5, 0), (5, 17), (5, 55), (10, 29), (0, 50), (0, 7), (0, 60), (0, 55), (0, 47), (0, 23), (0, 36), (2, 53), (2, 35), (2, 22), (2, 31), (13, 32), (14, 37), (14, 38), (15, 17), (15, 30), (15, 55), (16, 20), (16, 37), (16, 38), (17, 50), (17, 7), (17, 30), (17, 47), (17, 23), (17, 36), (1, 54), (1, 41), (1, 28), (18, 21), (19, 11), (7, 55), (21, 33), (21, 29), (22, 53), (22, 35), (22, 24), (22, 39), (22, 42), (24, 35), (24, 39), (24, 42), (24, 31), (25, 26), (27, 55), (27, 47), (27, 23), (27, 36), (30, 50), (30, 60), (30, 47), (30, 23), (31, 53), (31, 35), (31, 39), (31, 42), (33, 37), (33, 38), (33, 12), (34, 37), (34, 49), (35, 56), (35, 39), (35, 42), (36, 55), (23, 55), (37, 40), (37, 43), (37, 61), (38, 44), (38, 43), (38, 52), (38, 58), (39, 56), (39, 53), (39, 45), (41, 54), (42, 53), (42, 45), (45, 53), (46, 49), (47, 55), (51, 4), (11, 48), (53, 56), (54, 57), (55, 60)]"
0,45,7,0.7446897126197418,"[(8, 59), (8, 3), (8, 28), (9, 41), (9, 6), (9, 13), (5, 27), (5, 0), (5, 17), (5, 55), (10, 29), (0, 50), (0, 7), (0, 60), (0, 55), (0, 47), (0, 23), (0, 36), (2, 53), (2, 35), (2, 22), (2, 31), (13, 32), (14, 37), (14, 38), (15, 17), (15, 30), (15, 55), (16, 20), (16, 37), (16, 38), (17, 50), (17, 7), (17, 30), (17, 47), (17, 23), (17, 36), (1, 54), (1, 41), (1, 28), (18, 21), (19, 11), (7, 55), (21, 33), (21, 29), (22, 53), (22, 35), (22, 24), (22, 39), (22, 42), (24, 35), (24, 39), (24, 42), (24, 31), (25, 26), (27, 55), (27, 47), (27, 23), (27, 36), (30, 50), (30, 60), (30, 47), (30, 23), (31, 53), (31, 35), (31, 39), (31, 42), (33, 37), (33, 38), (33, 12), (34, 37), (34, 49), (35, 56), (35, 39), (35, 42), (36, 55), (23, 55), (37, 40), (37, 43), (37, 61), (38, 44), (38, 43), (38, 52), (38, 58), (39, 56), (39, 53), (39, 45), (41, 54), (42, 53), (42, 45), (45, 53), (46, 49), (47, 55), (51, 4), (11, 48), (53, 56), (54, 57), (55, 60)]"
0,46,7,0.7446897126197418,"[(8, 59), (8, 3), (8, 28), (9, 41), (9, 6), (9, 13), (5, 27), (5, 0), (5, 17), (5, 55), (10, 29), (0, 50), (0, 7), (0, 60), (0, 55), (0, 47), (0, 23), (0, 36), (2, 53), (2, 35), (2, 22), (2, 31), (13, 32), (14, 37), (14, 38), (15, 17), (15, 30), (15, 55), (16, 20), (16, 37), (16, 38), (17, 50), (17, 7), (17, 30), (17, 47), (17, 23), (17, 36), (1, 54), (1, 41), (1, 28), (18, 21), (19, 11), (7, 55), (21, 33), (21, 29), (22, 53), (22, 35), (22, 24), (22, 39), (22, 42), (24, 35), (24, 39), (24, 42), (24, 31), (25, 26), (27, 55), (27, 47), (27, 23), (27, 36), (30, 50), (30, 60), (30, 47), (30, 23), (31, 53), (31, 35), (31, 39), (31, 42), (33, 37), (33, 38), (33, 12), (34, 37), (34, 49), (35, 56), (35, 39), (35, 42), (36, 55), (23, 55), (37, 40), (37, 43), (37, 61), (38, 44), (38, 43), (38, 52), (38, 58), (39, 56), (39, 53), (39, 45), (41, 54), (42, 53), (42, 45), (45, 53), (46, 49), (47, 55), (51, 4), (11, 48), (53, 56), (54, 57), (55, 60)]"
0,47,7,0.7446897126197418,"[(8, 59), (8, 3), (8, 28), (9, 41), (9, 6), (9, 13), (5, 27), (5, 0), (5, 17), (5, 55), (10, 29), (0, 50), (0, 7), (0, 60), (0, 55), (0, 47), (0, 23), (0, 36), (2, 53), (2, 35), (2, 22), (2, 31), (13, 32), (14, 37), (14, 38), (15, 17), (15, 30), (15, 55), (16, 20), (16, 37), (16, 38), (17, 50), (17, 7), (17, 30), (17, 47), (17, 23), (17, 36), (1, 54), (1, 41), (1, 28), (18, 21), (19, 11), (7, 55), (21, 33), (21, 29), (22, 53), (22, 35), (22, 24), (22, 39), (22, 42), (24, 35), (24, 39), (24, 42), (24, 31), (25, 26), (27, 55), (27, 47), (27, 23), (27, 36), (30, 50), (30, 60), (30, 47), (30, 23), (31, 53), (31, 35), (31, 39), (31, 42), (33, 37), (33, 38), (33, 12), (34, 37), (34, 49), (35, 56), (35, 39), (35, 42), (36, 55), (23, 55), (37, 40), (37, 43), (37, 61), (38, 44), (38, 43), (38, 52), (38, 58), (39, 56), (39, 53), (39, 45), (41, 54), (42, 53), (42, 45), (45, 53), (46, 49), (47, 55), (51, 4), (11, 48), (53, 56), (54, 57), (55, 60)]"
0,48,7,0.7446897126197418,"[(8, 59), (8, 3), (8, 28), (9, 41), (9, 6), (9, 13), (5, 27), (5, 0), (5, 17), (5, 55), (10, 29), (0, 50), (0, 7), (0, 60), (0, 55), (0, 47), (0, 23), (0, 36), (2, 53), (2, 35), (2, 22), (2, 31), (13, 32), (14, 37), (14, 38), (15, 17), (15, 30), (15, 55), (16, 20), (16, 37), (16, 38), (17, 50), (17, 7), (17, 30), (17, 47), (17, 23), (17, 36), (1, 54), (1, 41), (1, 28), (18, 21), (19, 11), (7, 55), (21, 33), (21, 29), (22, 53), (22, 35), (22, 24), (22, 39), (22, 42), (24, 35), (24, 39), (24, 42), (24, 31), (25, 26), (27, 55), (27, 47), (27, 23), (27, 36), (30, 50), (30, 60), (30, 47), (30, 23), (31, 53), (31, 35), (31, 39), (31, 42), (33, 37), (33, 38), (33, 12), (34, 37), (34, 49), (35, 56), (35, 39), (35, 42), (36, 55), (23, 55), (37, 40), (37, 43), (37, 61), (38, 44), (38, 43), (38, 52), (38, 58), (39, 56), (39, 53), (39, 45), (41, 54), (42, 53), (42, 45), (45, 53), (46, 49), (47, 55), (51, 4), (11, 48), (53, 56), (54, 57), (55, 60)]"
0,49,7,0.7446897126197418,"[(8, 59), (8, 3), (8, 28), (9, 41), (9, 6), (9, 13), (5, 27), (5, 0), (5, 17), (5, 55), (10, 29), (0, 50), (0, 7), (0, 60), (0, 55), (0, 47), (0, 23), (0, 36), (2, 53), (2, 35), (2, 22), (2, 31), (13, 32), (14, 37), (14, 38), (15, 17), (15, 30), (15, 55), (16, 20), (16, 37), (16, 38), (17, 50), (17, 7), (17, 30), (17, 47), (17, 23), (17, 36), (1, 54), (1, 41), (1, 28), (18, 21), (19, 11), (7, 55), (21, 33), (21, 29), (22, 53), (22, 35), (22, 24), (22, 39), (22, 42), (24, 35), (24, 39), (24, 42), (24, 31), (25, 26), (27, 55), (27, 47), (27, 23), (27, 36), (30, 50), (30, 60), (30, 47), (30, 23), (31, 53), (31, 35), (31, 39), (31, 42), (33, 37), (33, 38), (33, 12), (34, 37), (34, 49), (35, 56), (35, 39), (35, 42), (36, 55), (23, 55), (37, 40), (37, 43), (37, 61), (38, 44), (38, 43), (38, 52), (38, 58), (39, 56), (39, 53), (39, 45), (41, 54), (42, 53), (42, 45), (45, 53), (46, 49), (47, 55), (51, 4), (11, 48), (53, 56), (54, 57), (55, 60)]"
0,50,7,0.7446897126197418,"[(8, 59), (8, 3), (8, 28), (9, 41), (9, 6), (9, 13), (5, 27), (5, 0), (5, 17), (5, 55), (10, 29), (0, 50), (0, 7), (0, 60), (0, 55), (0, 47), (0, 23), (0, 36), (2, 53), (2, 35), (2, 22), (2, 31), (13, 32), (14, 37), (14, 38), (15, 17), (15, 30), (15, 55), (16, 20), (16, 37), (16, 38), (17, 50), (17, 7), (17, 30), (17, 47), (17, 23), (17, 36), (1, 54), (1, 41), (1, 28), (18, 21), (19, 11), (7, 55), (21, 33), (21, 29), (22, 53), (22, 35), (22, 24), (22, 39), (22, 42), (24, 35), (24, 39), (24, 42), (24, 31), (25, 26), (27, 55), (27, 47), (27, 23), (27, 36), (30, 50), (30, 60), (30, 47), (30, 23), (31, 53), (31, 35), (31, 39), (31, 42), (33, 37), (33, 38), (33, 12), (34, 37), (34, 49), (35, 56), (35, 39), (35, 42), (36, 55), (23, 55), (37, 40), (37, 43), (37, 61), (38, 44), (38, 43), (38, 52), (38, 58), (39, 56), (39, 53), (39, 45), (41, 54), (42, 53), (42, 45), (45, 53), (46, 49), (47, 55), (51, 4), (11, 48), (53, 56), (54, 57), (55, 60)]"
0,51,7,0.7446897126197418,"[(8, 59), (8, 3), (8, 28), (9, 41), (9, 6), (9, 13), (5, 27), (5, 0), (5, 17), (5, 55), (10, 29), (0, 50), (0, 7), (0, 60), (0, 55), (0, 47), (0, 23), (0, 36), (2, 53), (2, 35), (2, 22), (2, 31), (13, 32), (14, 37), (14, 38), (15, 17), (15, 30), (15, 55), (16, 20), (16, 37), (16, 38), (17, 50), (17, 7), (17, 30), (17, 47), (17, 23), (17, 36), (1, 54), (1, 41), (1, 28), (18, 21), (19, 11), (7, 55), (21, 33), (21, 29), (22, 53), (22, 35), (22, 24), (22, 39), (22, 42), (24, 35), (24, 39), (24, 42), (24, 31), (25, 26), (27, 55), (27, 47), (27, 23), (27, 36), (30, 50), (30, 60), (30, 47), (30, 23), (31, 53), (31, 35), (31, 39), (31, 42), (33, 37), (33, 38), (33, 12), (34, 37), (34, 49), (35, 56), (35, 39), (35, 42), (36, 55), (23, 55), (37, 40), (37, 43), (37, 61), (38, 44), (38, 43), (38, 52), (38, 58), (39, 56), (39, 53), (39, 45), (41, 54), (42, 53), (42, 45), (45, 53), (46, 49), (47, 55), (51, 4), (11, 48), (53, 56), (54, 57), (55, 60)]"
0,52,7,0.7446897126197418,"[(8, 59), (8, 3), (8, 28), (9, 41), (9, 6), (9, 13), (5, 27), (5, 0), (5, 17), (5, 55), (10, 29), (0, 50), (0, 7), (0, 60), (0, 55), (0, 47), (0, 23), (0, 36), (2, 53), (2, 35), (2, 22), (2, 31), (13, 32), (14, 37), (14, 38), (15, 17), (15, 30), (15, 55), (16, 20), (16, 37), (16, 38), (17, 50), (17, 7), (17, 30), (17, 47), (17, 23), (17, 36), (1, 54), (1, 41), (1, 28), (18, 21), (19, 11), (7, 55), (21, 33), (21, 29), (22, 53), (22, 35), (22, 24), (22, 39), (22, 42), (24, 35), (24, 39), (24, 42), (24, 31), (25, 26), (27, 55), (27, 47), (27, 23), (27, 36), (30, 50), (30, 60), (30, 47), (30, 23), (31, 53), (31, 35), (31, 39), (31, 42), (33, 37), (33, 38), (33, 12), (34, 37), (34, 49), (35, 56), (35, 39), (35, 42), (36, 55), (23, 55), (37, 40), (37, 43), (37, 61), (38, 44), (38, 43), (38, 52), (38, 58), (39, 56), (39, 53), (39, 45), (41, 54), (42, 53), (42, 45), (45, 53), (46, 49), (47, 55), (51, 4), (11, 48), (53, 56), (54, 57), (55, 60)]"
0,53,7,0.7446897126197418,"[(8, 59), (8, 3), (8, 28), (9, 41), (9, 6), (9, 13), (5, 27), (5, 0), (5, 17), (5, 55), (10, 29), (0, 50), (0, 7), (0, 60), (0, 55), (0, 47), (0, 23), (0, 36), (2, 53), (2, 35), (2, 22), (2, 31), (13, 32), (14, 37), (14, 38), (15, 17), (15, 30), (15, 55), (16, 20), (16, 37), (16, 38), (17, 50), (17, 7), (17, 30), (17, 47), (17, 23), (17, 36), (1, 54), (1, 41), (1, 28), (18, 21), (19, 11), (7, 55), (21, 33), (21, 29), (22, 53), (22, 35), (22, 24), (22, 39), (22, 42), (24, 35), (24, 39), (24, 42), (24, 31), (25, 26), (27, 55), (27, 47), (27, 23), (27, 36), (30, 50), (30, 60), (30, 47), (30, 23), (31, 53), (31, 35), (31, 39), (31, 42), (33, 37), (33, 38), (33, 12), (34, 37), (34, 49), (35, 56), (35, 39), (35, 42), (36, 55), (23, 55), (37, 40), (37, 43), (37, 61), (38, 44), (38, 43), (38, 52), (38, 58), (39, 56), (39, 53), (39, 45), (41, 54), (42, 53), (42, 45), (45, 53), (46, 49), (47, 55), (51, 4), (11, 48), (53, 56), (54, 57), (55, 60)]"
0,54,7,0.7446897126197418,"[(8, 59), (8, 3), (8, 28), (9, 41), (9, 6), (9, 13), (5, 27), (5, 0), (5, 17), (5, 55), (10, 29), (0, 50), (0, 7), (0, 60), (0, 55), (0, 47), (0, 23), (0, 36), (2, 53), (2, 35), (2, 22), (2, 31), (13, 32), (14, 37), (14, 38), (15, 17), (15, 30), (15, 55), (16, 20), (16, 37), (16, 38), (17, 50), (17, 7), (17, 30), (17, 47), (17, 23), (17, 36), (1, 54), (1, 41), (1, 28), (18, 21), (19, 11), (7, 55), (21, 33), (21, 29), (22, 53), (22, 35), (22, 24), (22, 39), (22, 42), (24, 35), (24, 39), (24, 42), (24, 31), (25, 26), (27, 55), (27, 47), (27, 23), (27, 36), (30, 50), (30, 60), (30, 47), (30, 23), (31, 53), (31, 35), (31, 39), (31, 42), (33, 37), (33, 38), (33, 12), (34, 37), (34, 49), (35, 56), (35, 39), (35, 42), (36, 55), (23, 55), (37, 40), (37, 43), (37, 61), (38, 44), (38, 43), (38, 52), (38, 58), (39, 56), (39, 53), (39, 45), (41, 54), (42, 53), (42, 45), (45, 53), (46, 49), (47, 55), (51, 4), (11, 48), (53, 56), (54, 57), (55, 60)]"
0,55,7,0.7446897126197418,"[(8, 59), (8, 3), (8, 28), (9, 41), (9, 6), (9, 13), (5, 27), (5, 0), (5, 17), (5, 55), (10, 29), (0, 50), (0, 7), (0, 60), (0, 55), (0, 47), (0, 23), (0, 36), (2, 53), (2, 35), (2, 22), (2, 31), (13, 32), (14, 37), (14, 38), (15, 17), (15, 30), (15, 55), (16, 20), (16, 37), (16, 38), (17, 50), (17, 7), (17, 30), (17, 47), (17, 23), (17, 36), (1, 54), (1, 41), (1, 28), (18, 21), (19, 11), (7, 55), (21, 33), (21, 29), (22, 53), (22, 35), (22, 24), (22, 39), (22, 42), (24, 35), (24, 39), (24, 42), (24, 31), (25, 26), (27, 55), (27, 47), (27, 23), (27, 36), (30, 50), (30, 60), (30, 47), (30, 23), (31, 53), (31, 35), (31, 39), (31, 42), (33, 37), (33, 38), (33, 12), (34, 37), (34, 49), (35, 56), (35, 39), (35, 42), (36, 55), (23, 55), (37, 40), (37, 43), (37, 61), (38, 44), (38, 43), (38, 52), (38, 58), (39, 56), (39, 53), (39, 45), (41, 54), (42, 53), (42, 45), (45, 53), (46, 49), (47, 55), (51, 4), (11, 48), (53, 56), (54, 57), (55, 60)]"
0,56,7,0.7446897126197418,"[(8, 59), (8, 3), (8, 28), (9, 41), (9, 6), (9, 13), (5, 27), (5, 0), (5, 17), (5, 55), (10, 29), (0, 50), (0, 7), (0, 60), (0, 55), (0, 47), (0, 23), (0, 36), (2, 53), (2, 35), (2, 22), (2, 31), (13, 32), (14, 37), (14, 38), (15, 17), (15, 30), (15, 55), (16, 20), (16, 37), (16, 38), (17, 50), (17, 7), (17, 30), (17, 47), (17, 23), (17, 36), (1, 54), (1, 41), (1, 28), (18, 21), (19, 11), (7, 55), (21, 33), (21, 29), (22, 53), (22, 35), (22, 24), (22, 39), (22, 42), (24, 35), (24, 39), (24, 42), (24, 31), (25, 26), (27, 55), (27, 47), (27, 23), (27, 36), (30, 50), (30, 60), (30, 47), (30, 23), (31, 53), (31, 35), (31, 39), (31, 42), (33, 37), (33, 38), (33, 12), (34, 37), (34, 49), (35, 56), (35, 39), (35, 42), (36, 55), (23, 55), (37, 40), (37, 43), (37, 61), (38, 44), (38, 43), (38, 52), (38, 58), (39, 56), (39, 53), (39, 45), (41, 54), (42, 53), (42, 45), (45, 53), (46, 49), (47, 55), (51, 4), (11, 48), (53, 56), (54, 57), (55, 60)]"
0,57,7,0.7446897126197418,"[(8, 59), (8, 3), (8, 28), (9, 41), (9, 6), (9, 13), (5, 27), (5, 0), (5, 17), (5, 55), (10, 29), (0, 50), (0, 7), (0, 60), (0, 55), (0, 47), (0, 23), (0, 36), (2, 53), (2, 35), (2, 22), (2, 31), (13, 32), (14, 37), (14, 38), (15, 17), (15, 30), (15, 55), (16, 20), (16, 37), (16, 38), (17, 50), (17, 7), (17, 30), (17, 47), (17, 23), (17, 36), (1, 54), (1, 41), (1, 28), (18, 21), (19, 11), (7, 55), (21, 33), (21, 29), (22, 53), (22, 35), (22, 24), (22, 39), (22, 42), (24, 35), (24, 39), (24, 42), (24, 31), (25, 26), (27, 55), (27, 47), (27, 23), (27, 36), (30, 50), (30, 60), (30, 47), (30, 23), (31, 53), (31, 35), (31, 39), (31, 42), (33, 37), (33, 38), (33, 12), (34, 37), (34, 49), (35, 56), (35, 39), (35, 42), (36, 55), (23, 55), (37, 40), (37, 43), (37, 61), (38, 44), (38, 43), (38, 52), (38, 58), (39, 56), (39, 53), (39, 45), (41, 54), (42, 53), (42, 45), (45, 53), (46, 49), (47, 55), (51, 4), (11, 48), (53, 56), (54, 57), (55, 60)]"
0,58,7,0.7446897126197418,"[(8, 59), (8, 3), (8, 28), (9, 41), (9, 6), (9, 13), (5, 27), (5, 0), (5, 17), (5, 55), (10, 29), (0, 50), (0, 7), (0, 60), (0, 55), (0, 47), (0, 23), (0, 36), (2, 53), (2, 35), (2, 22), (2, 31), (13, 32), (14, 37), (14, 38), (15, 17), (15, 30), (15, 55), (16, 20), (16, 37), (16, 38), (17, 50), (17, 7), (17, 30), (17, 47), (17, 23), (17, 36), (1, 54), (1, 41), (1, 28), (18, 21), (19, 11), (7, 55), (21, 33), (21, 29), (22, 53), (22, 35), (22, 24), (22, 39), (22, 42), (24, 35), (24, 39), (24, 42), (24, 31), (25, 26), (27, 55), (27, 47), (27, 23), (27, 36), (30, 50), (30, 60), (30, 47), (30, 23), (31, 53), (31, 35), (31, 39), (31, 42), (33, 37), (33, 38), (33, 12), (34, 37), (34, 49), (35, 56), (35, 39), (35, 42), (36, 55), (23, 55), (37, 40), (37, 43), (37, 61), (38, 44), (38, 43), (38, 52), (38, 58), (39, 56), (39, 53), (39, 45), (41, 54), (42, 53), (42, 45), (45, 53), (46, 49), (47, 55), (51, 4), (11, 48), (53, 56), (54, 57), (55, 60)]"
0,59,7,0.7446897126197418,"[(8, 59), (8, 3), (8, 28), (9, 41), (9, 6), (9, 13), (5, 27), (5, 0), (5, 17), (5, 55), (10, 29), (0, 50), (0, 7), (0, 60), (0, 55), (0, 47), (0, 23), (0, 36), (2, 53), (2, 35), (2, 22), (2, 31), (13, 32), (14, 37), (14, 38), (15, 17), (15, 30), (15, 55), (16, 20), (16, 37), (16, 38), (17, 50), (17, 7), (17, 30), (17, 47), (17, 23), (17, 36), (1, 54), (1, 41), (1, 28), (18, 21), (19, 11), (7, 55), (21, 33), (21, 29), (22, 53), (22, 35), (22, 24), (22, 39), (22, 42), (24, 35), (24, 39), (24, 42), (24, 31), (25, 26), (27, 55), (27, 47), (27, 23), (27, 36), (30, 50), (30, 60), (30, 47), (30, 23), (31, 53), (31, 35), (31, 39), (31, 42), (33, 37), (33, 38), (33, 12), (34, 37), (34, 49), (35, 56), (35, 39), (35, 42), (36, 55), (23, 55), (37, 40), (37, 43), (37, 61), (38, 44), (38, 43), (38, 52), (38, 58), (39, 56), (39, 53), (39, 45), (41, 54), (42, 53), (42, 45), (45, 53), (46, 49), (47, 55), (51, 4), (11, 48), (53, 56), (54, 57), (55, 60)]"
0,60,7,0.7446897126197418,"[(8, 59), (8, 3), (8, 28), (9, 41), (9, 6), (9, 13), (5, 27), (5, 0), (5, 17), (5, 55), (10, 29), (0, 50), (0, 7), (0, 60), (0, 55), (0, 47), (0, 23), (0, 36), (2, 53), (2, 35), (2, 22), (2, 31), (13, 32), (14, 37), (14, 38), (15, 17), (15, 30), (15, 55), (16, 20), (16, 37), (16, 38), (17, 50), (17, 7), (17, 30), (17, 47), (17, 23), (17, 36), (1, 54), (1, 41), (1, 28), (18, 21), (19, 11), (7, 55), (21, 33), (21, 29), (22, 53), (22, 35), (22, 24), (22, 39), (22, 42), (24, 35), (24, 39), (24, 42), (24, 31), (25, 26), (27, 55), (27, 47), (27, 23), (27, 36), (30, 50), (30, 60), (30, 47), (30, 23), (31, 53), (31, 35), (31, 39), (31, 42), (33, 37), (33, 38), (33, 12), (34, 37), (34, 49), (35, 56), (35, 39), (35, 42), (36, 55), (23, 55), (37, 40), (37, 43), (37, 61), (38, 44), (38, 43), (38, 52), (38, 58), (39, 56), (39, 53), (39, 45), (41, 54), (42, 53), (42, 45), (45, 53), (46, 49), (47, 55), (51, 4), (11, 48), (53, 56), (54, 57), (55, 60)]"
0,61,7,0.7446897126197418,"[(8, 59), (8, 3), (8, 28), (9, 41), (9, 6), (9, 13), (5, 27), (5, 0), (5, 17), (5, 55), (10, 29), (0, 50), (0, 7), (0, 60), (0, 55), (0, 47), (0, 23), (0, 36), (2, 53), (2, 35), (2, 22), (2, 31), (13, 32), (14, 37), (14, 38), (15, 17), (15, 30), (15, 55), (16, 20), (16, 37), (16, 38), (17, 50), (17, 7), (17, 30), (17, 47), (17, 23), (17, 36), (1, 54), (1, 41), (1, 28), (18, 21), (19, 11), (7, 55), (21, 33), (21, 29), (22, 53), (22, 35), (22, 24), (22, 39), (22, 42), (24, 35), (24, 39), (24, 42), (24, 31), (25, 26), (27, 55), (27, 47), (27, 23), (27, 36), (30, 50), (30, 60), (30, 47), (30, 23), (31, 53), (31, 35), (31, 39), (31, 42), (33, 37), (33, 38), (33, 12), (34, 37), (34, 49), (35, 56), (35, 39), (35, 42), (36, 55), (23, 55), (37, 40), (37, 43), (37, 61), (38, 44), (38, 43), (38, 52), (38, 58), (39, 56), (39, 53), (39, 45), (41, 54), (42, 53), (42, 45), (45, 53), (46, 49), (47, 55), (51, 4), (11, 48), (53, 56), (54, 57), (55, 60)]"
0,62,7,0.7446897126197418,"[(8, 59), (8, 3), (8, 28), (9, 41), (9, 6), (9, 13), (5, 27), (5, 0), (5, 17), (5, 55), (10, 29), (0, 50), (0, 7), (0, 60), (0, 55), (0, 47), (0, 23), (0, 36), (2, 53), (2, 35), (2, 22), (2, 31), (13, 32), (14, 37), (14, 38), (15, 17), (15, 30), (15, 55), (16, 20), (16, 37), (16, 38), (17, 50), (17, 7), (17, 30), (17, 47), (17, 23), (17, 36), (1, 54), (1, 41), (1, 28), (18, 21), (19, 11), (7, 55), (21, 33), (21, 29), (22, 53), (22, 35), (22, 24), (22, 39), (22, 42), (24, 35), (24, 39), (24, 42), (24, 31), (25, 26), (27, 55), (27, 47), (27, 23), (27, 36), (30, 50), (30, 60), (30, 47), (30, 23), (31, 53), (31, 35), (31, 39), (31, 42), (33, 37), (33, 38), (33, 12), (34, 37), (34, 49), (35, 56), (35, 39), (35, 42), (36, 55), (23, 55), (37, 40), (37, 43), (37, 61), (38, 44), (38, 43), (38, 52), (38, 58), (39, 56), (39, 53), (39, 45), (41, 54), (42, 53), (42, 45), (45, 53), (46, 49), (47, 55), (51, 4), (11, 48), (53, 56), (54, 57), (55, 60)]"
0,63,7,0.7446897126197418,"[(8, 59), (8, 3), (8, 28), (9, 41), (9, 6), (9, 13), (5, 27), (5, 0), (5, 17), (5, 55), (10, 29), (0, 50), (0, 7), (0, 60), (0, 55), (0, 47), (0, 23), (0, 36), (2, 53), (2, 35), (2, 22), (2, 31), (13, 32), (14, 37), (14, 38), (15, 17), (15, 30), (15, 55), (16, 20), (16, 37), (16, 38), (17, 50), (17, 7), (17, 30), (17, 47), (17, 23), (17, 36), (1, 54), (1, 41), (1, 28), (18, 21), (19, 11), (7, 55), (21, 33), (21, 29), (22, 53), (22, 35), (22, 24), (22, 39), (22, 42), (24, 35), (24, 39), (24, 42), (24, 31), (25, 26), (27, 55), (27, 47), (27, 23), (27, 36), (30, 50), (30, 60), (30, 47), (30, 23), (31, 53), (31, 35), (31, 39), (31, 42), (33, 37), (33, 38), (33, 12), (34, 37), (34, 49), (35, 56), (35, 39), (35, 42), (36, 55), (23, 55), (37, 40), (37, 43), (37, 61), (38, 44), (38, 43), (38, 52), (38, 58), (39, 56), (39, 53), (39, 45), (41, 54), (42, 53), (42, 45), (45, 53), (46, 49), (47, 55), (51, 4), (11, 48), (53, 56), (54, 57), (55, 60)]"
0,64,7,0.7446897126197418,"[(8, 59), (8, 3), (8, 28), (9, 41), (9, 6), (9, 13), (5, 27), (5, 0), (5, 17), (5, 55), (10, 29), (0, 50), (0, 7), (0, 60), (0, 55), (0, 47), (0, 23), (0, 36), (2, 53), (2, 35), (2, 22), (2, 31), (13, 32), (14, 37), (14, 38), (15, 17), (15, 30), (15, 55), (16, 20), (16, 37), (16, 38), (17, 50), (17, 7), (17, 30), (17, 47), (17, 23), (17, 36), (1, 54), (1, 41), (1, 28), (18, 21), (19, 11), (7, 55), (21, 33), (21, 29), (22, 53), (22, 35), (22, 24), (22, 39), (22, 42), (24, 35), (24, 39), (24, 42), (24, 31), (25, 26), (27, 55), (27, 47), (27, 23), (27, 36), (30, 50), (30, 60), (30, 47), (30, 23), (31, 53), (31, 35), (31, 39), (31, 42), (33, 37), (33, 38), (33, 12), (34, 37), (34, 49), (35, 56), (35, 39), (35, 42), (36, 55), (23, 55), (37, 40), (37, 43), (37, 61), (38, 44), (38, 43), (38, 52), (38, 58), (39, 56), (39, 53), (39, 45), (41, 54), (42, 53), (42, 45), (45, 53), (46, 49), (47, 55), (51, 4), (11, 48), (53, 56), (54, 57), (55, 60)]"
0,65,7,0.7446897126197418,"[(8, 59), (8, 3), (8, 28), (9, 41), (9, 6), (9, 13), (5, 27), (5, 0), (5, 17), (5, 55), (10, 29), (0, 50), (0, 7), (0, 60), (0, 55), (0, 47), (0, 23), (0, 36), (2, 53), (2, 35), (2, 22), (2, 31), (13, 32), (14, 37), (14, 38), (15, 17), (15, 30), (15, 55), (16, 20), (16, 37), (16, 38), (17, 50), (17, 7), (17, 30), (17, 47), (17, 23), (17, 36), (1, 54), (1, 41), (1, 28), (18, 21), (19, 11), (7, 55), (21, 33), (21, 29), (22, 53), (22, 35), (22, 24), (22, 39), (22, 42), (24, 35), (24, 39), (24, 42), (24, 31), (25, 26), (27, 55), (27, 47), (27, 23), (27, 36), (30, 50), (30, 60), (30, 47), (30, 23), (31, 53), (31, 35), (31, 39), (31, 42), (33, 37), (33, 38), (33, 12), (34, 37), (34, 49), (35, 56), (35, 39), (35, 42), (36, 55), (23, 55), (37, 40), (37, 43), (37, 61), (38, 44), (38, 43), (38, 52), (38, 58), (39, 56), (39, 53), (39, 45), (41, 54), (42, 53), (42, 45), (45, 53), (46, 49), (47, 55), (51, 4), (11, 48), (53, 56), (54, 57), (55, 60)]"
0,66,7,0.7446897126197418,"[(8, 59), (8, 3), (8, 28), (9, 41), (9, 6), (9, 13), (5, 27), (5, 0), (5, 17), (5, 55), (10, 29), (0, 50), (0, 7), (0, 60), (0, 55), (0, 47), (0, 23), (0, 36), (2, 53), (2, 35), (2, 22), (2, 31), (13, 32), (14, 37), (14, 38), (15, 17), (15, 30), (15, 55), (16, 20), (16, 37), (16, 38), (17, 50), (17, 7), (17, 30), (17, 47), (17, 23), (17, 36), (1, 54), (1, 41), (1, 28), (18, 21), (19, 11), (7, 55), (21, 33), (21, 29), (22, 53), (22, 35), (22, 24), (22, 39), (22, 42), (24, 35), (24, 39), (24, 42), (24, 31), (25, 26), (27, 55), (27, 47), (27, 23), (27, 36), (30, 50), (30, 60), (30, 47), (30, 23), (31, 53), (31, 35), (31, 39), (31, 42), (33, 37), (33, 38), (33, 12), (34, 37), (34, 49), (35, 56), (35, 39), (35, 42), (36, 55), (23, 55), (37, 40), (37, 43), (37, 61), (38, 44), (38, 43), (38, 52), (38, 58), (39, 56), (39, 53), (39, 45), (41, 54), (42, 53), (42, 45), (45, 53), (46, 49), (47, 55), (51, 4), (11, 48), (53, 56), (54, 57), (55, 60)]"
0,67,7,0.7446897126197418,"[(8, 59), (8, 3), (8, 28), (9, 41), (9, 6), (9, 13), (5, 27), (5, 0), (5, 17), (5, 55), (10, 29), (0, 50), (0, 7), (0, 60), (0, 55), (0, 47), (0, 23), (0, 36), (2, 53), (2, 35), (2, 22), (2, 31), (13, 32), (14, 37), (14, 38), (15, 17), (15, 30), (15, 55), (16, 20), (16, 37), (16, 38), (17, 50), (17, 7), (17, 30), (17, 47), (17, 23), (17, 36), (1, 54), (1, 41), (1, 28), (18, 21), (19, 11), (7, 55), (21, 33), (21, 29), (22, 53), (22, 35), (22, 24), (22, 39), (22, 42), (24, 35), (24, 39), (24, 42), (24, 31), (25, 26), (27, 55), (27, 47), (27, 23), (27, 36), (30, 50), (30, 60), (30, 47), (30, 23), (31, 53), (31, 35), (31, 39), (31, 42), (33, 37), (33, 38), (33, 12), (34, 37), (34, 49), (35, 56), (35, 39), (35, 42), (36, 55), (23, 55), (37, 40), (37, 43), (37, 61), (38, 44), (38, 43), (38, 52), (38, 58), (39, 56), (39, 53), (39, 45), (41, 54), (42, 53), (42, 45), (45, 53), (46, 49), (47, 55), (51, 4), (11, 48), (53, 56), (54, 57), (55, 60)]"
0,68,7,0.7446897126197418,"[(8, 59), (8, 3), (8, 28), (9, 41), (9, 6), (9, 13), (5, 27), (5, 0), (5, 17), (5, 55), (10, 29), (0, 50), (0, 7), (0, 60), (0, 55), (0, 47), (0, 23), (0, 36), (2, 53), (2, 35), (2, 22), (2, 31), (13, 32), (14, 37), (14, 38), (15, 17), (15, 30), (15, 55), (16, 20), (16, 37), (16, 38), (17, 50), (17, 7), (17, 30), (17, 47), (17, 23), (17, 36), (1, 54), (1, 41), (1, 28), (18, 21), (19, 11), (7, 55), (21, 33), (21, 29), (22, 53), (22, 35), (22, 24), (22, 39), (22, 42), (24, 35), (24, 39), (24, 42), (24, 31), (25, 26), (27, 55), (27, 47), (27, 23), (27, 36), (30, 50), (30, 60), (30, 47), (30, 23), (31, 53), (31, 35), (31, 39), (31, 42), (33, 37), (33, 38), (33, 12), (34, 37), (34, 49), (35, 56), (35, 39), (35, 42), (36, 55), (23, 55), (37, 40), (37, 43), (37, 61), (38, 44), (38, 43), (38, 52), (38, 58), (39, 56), (39, 53), (39, 45), (41, 54), (42, 53), (42, 45), (45, 53), (46, 49), (47, 55), (51, 4), (11, 48), (53, 56), (54, 57), (55, 60)]"
0,69,7,0.7446897126197418,"[(8, 59), (8, 3), (8, 28), (9, 41), (9, 6), (9, 13), (5, 27), (5, 0), (5, 17), (5, 55), (10, 29), (0, 50), (0, 7), (0, 60), (0, 55), (0, 47), (0, 23), (0, 36), (2, 53), (2, 35), (2, 22), (2, 31), (13, 32), (14, 37), (14, 38), (15, 17), (15, 30), (15, 55), (16, 20), (16, 37), (16, 38), (17, 50), (17, 7), (17, 30), (17, 47), (17, 23), (17, 36), (1, 54), (1, 41), (1, 28), (18, 21), (19, 11), (7, 55), (21, 33), (21, 29), (22, 53), (22, 35), (22, 24), (22, 39), (22, 42), (24, 35), (24, 39), (24, 42), (24, 31), (25, 26), (27, 55), (27, 47), (27, 23), (27, 36), (30, 50), (30, 60), (30, 47), (30, 23), (31, 53), (31, 35), (31, 39), (31, 42), (33, 37), (33, 38), (33, 12), (34, 37), (34, 49), (35, 56), (35, 39), (35, 42), (36, 55), (23, 55), (37, 40), (37, 43), (37, 61), (38, 44), (38, 43), (38, 52), (38, 58), (39, 56), (39, 53), (39, 45), (41, 54), (42, 53), (42, 45), (45, 53), (46, 49), (47, 55), (51, 4), (11, 48), (53, 56), (54, 57), (55, 60)]"
0,70,7,0.7446897126197418,"[(8, 59), (8, 3), (8, 28), (9, 41), (9, 6), (9, 13), (5, 27), (5, 0), (5, 17), (5, 55), (10, 29), (0, 50), (0, 7), (0, 60), (0, 55), (0, 47), (0, 23), (0, 36), (2, 53), (2, 35), (2, 22), (2, 31), (13, 32), (14, 37), (14, 38), (15, 17), (15, 30), (15, 55), (16, 20), (16, 37), (16, 38), (17, 50), (17, 7), (17, 30), (17, 47), (17, 23), (17, 36), (1, 54), (1, 41), (1, 28), (18, 21), (19, 11), (7, 55), (21, 33), (21, 29), (22, 53), (22, 35), (22, 24), (22, 39), (22, 42), (24, 35), (24, 39), (24, 42), (24, 31), (25, 26), (27, 55), (27, 47), (27, 23), (27, 36), (30, 50), (30, 60), (30, 47), (30, 23), (31, 53), (31, 35), (31, 39), (31, 42), (33, 37), (33, 38), (33, 12), (34, 37), (34, 49), (35, 56), (35, 39), (35, 42), (36, 55), (23, 55), (37, 40), (37, 43), (37, 61), (38, 44), (38, 43), (38, 52), (38, 58), (39, 56), (39, 53), (39, 45), (41, 54), (42, 53), (42, 45), (45, 53), (46, 49), (47, 55), (51, 4), (11, 48), (53, 56), (54, 57), (55, 60)]"
0,71,7,0.7446897126197418,"[(8, 59), (8, 3), (8, 28), (9, 41), (9, 6), (9, 13), (5, 27), (5, 0), (5, 17), (5, 55), (10, 29), (0, 50), (0, 7), (0, 60), (0, 55), (0, 47), (0, 23), (0, 36), (2, 53), (2, 35), (2, 22), (2, 31), (13, 32), (14, 37), (14, 38), (15, 17), (15, 30), (15, 55), (16, 20), (16, 37), (16, 38), (17, 50), (17, 7), (17, 30), (17, 47), (17, 23), (17, 36), (1, 54), (1, 41), (1, 28), (18, 21), (19, 11), (7, 55), (21, 33), (21, 29), (22, 53), (22, 35), (22, 24), (22, 39), (22, 42), (24, 35), (24, 39), (24, 42), (24, 31), (25, 26), (27, 55), (27, 47), (27, 23), (27, 36), (30, 50), (30, 60), (30, 47), (30, 23), (31, 53), (31, 35), (31, 39), (31, 42), (33, 37), (33, 38), (33, 12), (34, 37), (34, 49), (35, 56), (35, 39), (35, 42), (36, 55), (23, 55), (37, 40), (37, 43), (37, 61), (38, 44), (38, 43), (38, 52), (38, 58), (39, 56), (39, 53), (39, 45), (41, 54), (42, 53), (42, 45), (45, 53), (46, 49), (47, 55), (51, 4), (11, 48), (53, 56), (54, 57), (55, 60)]"
0,72,7,0.7446897126197418,"[(8, 59), (8, 3), (8, 28), (9, 41), (9, 6), (9, 13), (5, 27), (5, 0), (5, 17), (5, 55), (10, 29), (0, 50), (0, 7), (0, 60), (0, 55), (0, 47), (0, 23), (0, 36), (2, 53), (2, 35), (2, 22), (2, 31), (13, 32), (14, 37), (14, 38), (15, 17), (15, 30), (15, 55), (16, 20), (16, 37), (16, 38), (17, 50), (17, 7), (17, 30), (17, 47), (17, 23), (17, 36), (1, 54), (1, 41), (1, 28), (18, 21), (19, 11), (7, 55), (21, 33), (21, 29), (22, 53), (22, 35), (22, 24), (22, 39), (22, 42), (24, 35), (24, 39), (24, 42), (24, 31), (25, 26), (27, 55), (27, 47), (27, 23), (27, 36), (30, 50), (30, 60), (30, 47), (30, 23), (31, 53), (31, 35), (31, 39), (31, 42), (33, 37), (33, 38), (33, 12), (34, 37), (34, 49), (35, 56), (35, 39), (35, 42), (36, 55), (23, 55), (37, 40), (37, 43), (37, 61), (38, 44), (38, 43), (38, 52), (38, 58), (39, 56), (39, 53), (39, 45), (41, 54), (42, 53), (42, 45), (45, 53), (46, 49), (47, 55), (51, 4), (11, 48), (53, 56), (54, 57), (55, 60)]"
0,73,7,0.7446897126197418,"[(8, 59), (8, 3), (8, 28), (9, 41), (9, 6), (9, 13), (5, 27), (5, 0), (5, 17), (5, 55), (10, 29), (0, 50), (0, 7), (0, 60), (0, 55), (0, 47), (0, 23), (0, 36), (2, 53), (2, 35), (2, 22), (2, 31), (13, 32), (14, 37), (14, 38), (15, 17), (15, 30), (15, 55), (16, 20), (16, 37), (16, 38), (17, 50), (17, 7), (17, 30), (17, 47), (17, 23), (17, 36), (1, 54), (1, 41), (1, 28), (18, 21), (19, 11), (7, 55), (21, 33), (21, 29), (22, 53), (22, 35), (22, 24), (22, 39), (22, 42), (24, 35), (24, 39), (24, 42), (24, 31), (25, 26), (27, 55), (27, 47), (27, 23), (27, 36), (30, 50), (30, 60), (30, 47), (30, 23), (31, 53), (31, 35), (31, 39), (31, 42), (33, 37), (33, 38), (33, 12), (34, 37), (34, 49), (35, 56), (35, 39), (35, 42), (36, 55), (23, 55), (37, 40), (37, 43), (37, 61), (38, 44), (38, 43), (38, 52), (38, 58), (39, 56), (39, 53), (39, 45), (41, 54), (42, 53), (42, 45), (45, 53), (46, 49), (47, 55), (51, 4), (11, 48), (53, 56), (54, 57), (55, 60)]"
0,74,7,0.7446897126197418,"[(8, 59), (8, 3), (8, 28), (9, 41), (9, 6), (9, 13), (5, 27), (5, 0), (5, 17), (5, 55), (10, 29), (0, 50), (0, 7), (0, 60), (0, 55), (0, 47), (0, 23), (0, 36), (2, 53), (2, 35), (2, 22), (2, 31), (13, 32), (14, 37), (14, 38), (15, 17), (15, 30), (15, 55), (16, 20), (16, 37), (16, 38), (17, 50), (17, 7), (17, 30), (17, 47), (17, 23), (17, 36), (1, 54), (1, 41), (1, 28), (18, 21), (19, 11), (7, 55), (21, 33), (21, 29), (22, 53), (22, 35), (22, 24), (22, 39), (22, 42), (24, 35), (24, 39), (24, 42), (24, 31), (25, 26), (27, 55), (27, 47), (27, 23), (27, 36), (30, 50), (30, 60), (30, 47), (30, 23), (31, 53), (31, 35), (31, 39), (31, 42), (33, 37), (33, 38), (33, 12), (34, 37), (34, 49), (35, 56), (35, 39), (35, 42), (36, 55), (23, 55), (37, 40), (37, 43), (37, 61), (38, 44), (38, 43), (38, 52), (38, 58), (39, 56), (39, 53), (39, 45), (41, 54), (42, 53), (42, 45), (45, 53), (46, 49), (47, 55), (51, 4), (11, 48), (53, 56), (54, 57), (55, 60)]"
0,75,7,0.7446897126197418,"[(8, 59), (8, 3), (8, 28), (9, 41), (9, 6), (9, 13), (5, 27), (5, 0), (5, 17), (5, 55), (10, 29), (0, 50), (0, 7), (0, 60), (0, 55), (0, 47), (0, 23), (0, 36), (2, 53), (2, 35), (2, 22), (2, 31), (13, 32), (14, 37), (14, 38), (15, 17), (15, 30), (15, 55), (16, 20), (16, 37), (16, 38), (17, 50), (17, 7), (17, 30), (17, 47), (17, 23), (17, 36), (1, 54), (1, 41), (1, 28), (18, 21), (19, 11), (7, 55), (21, 33), (21, 29), (22, 53), (22, 35), (22, 24), (22, 39), (22, 42), (24, 35), (24, 39), (24, 42), (24, 31), (25, 26), (27, 55), (27, 47), (27, 23), (27, 36), (30, 50), (30, 60), (30, 47), (30, 23), (31, 53), (31, 35), (31, 39), (31, 42), (33, 37), (33, 38), (33, 12), (34, 37), (34, 49), (35, 56), (35, 39), (35, 42), (36, 55), (23, 55), (37, 40), (37, 43), (37, 61), (38, 44), (38, 43), (38, 52), (38, 58), (39, 56), (39, 53), (39, 45), (41, 54), (42, 53), (42, 45), (45, 53), (46, 49), (47, 55), (51, 4), (11, 48), (53, 56), (54, 57), (55, 60)]"
0,76,7,0.7446897126197418,"[(8, 59), (8, 3), (8, 28), (9, 41), (9, 6), (9, 13), (5, 27), (5, 0), (5, 17), (5, 55), (10, 29), (0, 50), (0, 7), (0, 60), (0, 55), (0, 47), (0, 23), (0, 36), (2, 53), (2, 35), (2, 22), (2, 31), (13, 32), (14, 37), (14, 38), (15, 17), (15, 30), (15, 55), (16, 20), (16, 37), (16, 38), (17, 50), (17, 7), (17, 30), (17, 47), (17, 23), (17, 36), (1, 54), (1, 41), (1, 28), (18, 21), (19, 11), (7, 55), (21, 33), (21, 29), (22, 53), (22, 35), (22, 24), (22, 39), (22, 42), (24, 35), (24, 39), (24, 42), (24, 31), (25, 26), (27, 55), (27, 47), (27, 23), (27, 36), (30, 50), (30, 60), (30, 47), (30, 23), (31, 53), (31, 35), (31, 39), (31, 42), (33, 37), (33, 38), (33, 12), (34, 37), (34, 49), (35, 56), (35, 39), (35, 42), (36, 55), (23, 55), (37, 40), (37, 43), (37, 61), (38, 44), (38, 43), (38, 52), (38, 58), (39, 56), (39, 53), (39, 45), (41, 54), (42, 53), (42, 45), (45, 53), (46, 49), (47, 55), (51, 4), (11, 48), (53, 56), (54, 57), (55, 60)]"
0,77,7,0.7446897126197418,"[(8, 59), (8, 3), (8, 28), (9, 41), (9, 6), (9, 13), (5, 27), (5, 0), (5, 17), (5, 55), (10, 29), (0, 50), (0, 7), (0, 60), (0, 55), (0, 47), (0, 23), (0, 36), (2, 53), (2, 35), (2, 22), (2, 31), (13, 32), (14, 37), (14, 38), (15, 17), (15, 30), (15, 55), (16, 20), (16, 37), (16, 38), (17, 50), (17, 7), (17, 30), (17, 47), (17, 23), (17, 36), (1, 54), (1, 41), (1, 28), (18, 21), (19, 11), (7, 55), (21, 33), (21, 29), (22, 53), (22, 35), (22, 24), (22, 39), (22, 42), (24, 35), (24, 39), (24, 42), (24, 31), (25, 26), (27, 55), (27, 47), (27, 23), (27, 36), (30, 50), (30, 60), (30, 47), (30, 23), (31, 53), (31, 35), (31, 39), (31, 42), (33, 37), (33, 38), (33, 12), (34, 37), (34, 49), (35, 56), (35, 39), (35, 42), (36, 55), (23, 55), (37, 40), (37, 43), (37, 61), (38, 44), (38, 43), (38, 52), (38, 58), (39, 56), (39, 53), (39, 45), (41, 54), (42, 53), (42, 45), (45, 53), (46, 49), (47, 55), (51, 4), (11, 48), (53, 56), (54, 57), (55, 60)]"
0,78,7,0.7446897126197418,"[(8, 59), (8, 3), (8, 28), (9, 41), (9, 6), (9, 13), (5, 27), (5, 0), (5, 17), (5, 55), (10, 29), (0, 50), (0, 7), (0, 60), (0, 55), (0, 47), (0, 23), (0, 36), (2, 53), (2, 35), (2, 22), (2, 31), (13, 32), (14, 37), (14, 38), (15, 17), (15, 30), (15, 55), (16, 20), (16, 37), (16, 38), (17, 50), (17, 7), (17, 30), (17, 47), (17, 23), (17, 36), (1, 54), (1, 41), (1, 28), (18, 21), (19, 11), (7, 55), (21, 33), (21, 29), (22, 53), (22, 35), (22, 24), (22, 39), (22, 42), (24, 35), (24, 39), (24, 42), (24, 31), (25, 26), (27, 55), (27, 47), (27, 23), (27, 36), (30, 50), (30, 60), (30, 47), (30, 23), (31, 53), (31, 35), (31, 39), (31, 42), (33, 37), (33, 38), (33, 12), (34, 37), (34, 49), (35, 56), (35, 39), (35, 42), (36, 55), (23, 55), (37, 40), (37, 43), (37, 61), (38, 44), (38, 43), (38, 52), (38, 58), (39, 56), (39, 53), (39, 45), (41, 54), (42, 53), (42, 45), (45, 53), (46, 49), (47, 55), (51, 4), (11, 48), (53, 56), (54, 57), (55, 60)]"
0,79,7,0.7446897126197418,"[(8, 59), (8, 3), (8, 28), (9, 41), (9, 6), (9, 13), (5, 27), (5, 0), (5, 17), (5, 55), (10, 29), (0, 50), (0, 7), (0, 60), (0, 55), (0, 47), (0, 23), (0, 36), (2, 53), (2, 35), (2, 22), (2, 31), (13, 32), (14, 37), (14, 38), (15, 17), (15, 30), (15, 55), (16, 20), (16, 37), (16, 38), (17, 50), (17, 7), (17, 30), (17, 47), (17, 23), (17, 36), (1, 54), (1, 41), (1, 28), (18, 21), (19, 11), (7, 55), (21, 33), (21, 29), (22, 53), (22, 35), (22, 24), (22, 39), (22, 42), (24, 35), (24, 39), (24, 42), (24, 31), (25, 26), (27, 55), (27, 47), (27, 23), (27, 36), (30, 50), (30, 60), (30, 47), (30, 23), (31, 53), (31, 35), (31, 39), (31, 42), (33, 37), (33, 38), (33, 12), (34, 37), (34, 49), (35, 56), (35, 39), (35, 42), (36, 55), (23, 55), (37, 40), (37, 43), (37, 61), (38, 44), (38, 43), (38, 52), (38, 58), (39, 56), (39, 53), (39, 45), (41, 54), (42, 53), (42, 45), (45, 53), (46, 49), (47, 55), (51, 4), (11, 48), (53, 56), (54, 57), (55, 60)]"
0,80,7,0.7446897126197418,"[(8, 59), (8, 3), (8, 28), (9, 41), (9, 6), (9, 13), (5, 27), (5, 0), (5, 17), (5, 55), (10, 29), (0, 50), (0, 7), (0, 60), (0, 55), (0, 47), (0, 23), (0, 36), (2, 53), (2, 35), (2, 22), (2, 31), (13, 32), (14, 37), (14, 38), (15, 17), (15, 30), (15, 55), (16, 20), (16, 37), (16, 38), (17, 50), (17, 7), (17, 30), (17, 47), (17, 23), (17, 36), (1, 54), (1, 41), (1, 28), (18, 21), (19, 11), (7, 55), (21, 33), (21, 29), (22, 53), (22, 35), (22, 24), (22, 39), (22, 42), (24, 35), (24, 39), (24, 42), (24, 31), (25, 26), (27, 55), (27, 47), (27, 23), (27, 36), (30, 50), (30, 60), (30, 47), (30, 23), (31, 53), (31, 35), (31, 39), (31, 42), (33, 37), (33, 38), (33, 12), (34, 37), (34, 49), (35, 56), (35, 39), (35, 42), (36, 55), (23, 55), (37, 40), (37, 43), (37, 61), (38, 44), (38, 43), (38, 52), (38, 58), (39, 56), (39, 53), (39, 45), (41, 54), (42, 53), (42, 45), (45, 53), (46, 49), (47, 55), (51, 4), (11, 48), (53, 56), (54, 57), (55, 60)]"
0,81,7,0.7446897126197418,"[(8, 59), (8, 3), (8, 28), (9, 41), (9, 6), (9, 13), (5, 27), (5, 0), (5, 17), (5, 55), (10, 29), (0, 50), (0, 7), (0, 60), (0, 55), (0, 47), (0, 23), (0, 36), (2, 53), (2, 35), (2, 22), (2, 31), (13, 32), (14, 37), (14, 38), (15, 17), (15, 30), (15, 55), (16, 20), (16, 37), (16, 38), (17, 50), (17, 7), (17, 30), (17, 47), (17, 23), (17, 36), (1, 54), (1, 41), (1, 28), (18, 21), (19, 11), (7, 55), (21, 33), (21, 29), (22, 53), (22, 35), (22, 24), (22, 39), (22, 42), (24, 35), (24, 39), (24, 42), (24, 31), (25, 26), (27, 55), (27, 47), (27, 23), (27, 36), (30, 50), (30, 60), (30, 47), (30, 23), (31, 53), (31, 35), (31, 39), (31, 42), (33, 37), (33, 38), (33, 12), (34, 37), (34, 49), (35, 56), (35, 39), (35, 42), (36, 55), (23, 55), (37, 40), (37, 43), (37, 61), (38, 44), (38, 43), (38, 52), (38, 58), (39, 56), (39, 53), (39, 45), (41, 54), (42, 53), (42, 45), (45, 53), (46, 49), (47, 55), (51, 4), (11, 48), (53, 56), (54, 57), (55, 60)]"
0,82,7,0.7446897126197418,"[(8, 59), (8, 3), (8, 28), (9, 41), (9, 6), (9, 13), (5, 27), (5, 0), (5, 17), (5, 55), (10, 29), (0, 50), (0, 7), (0, 60), (0, 55), (0, 47), (0, 23), (0, 36), (2, 53), (2, 35), (2, 22), (2, 31), (13, 32), (14, 37), (14, 38), (15, 17), (15, 30), (15, 55), (16, 20), (16, 37), (16, 38), (17, 50), (17, 7), (17, 30), (17, 47), (17, 23), (17, 36), (1, 54), (1, 41), (1, 28), (18, 21), (19, 11), (7, 55), (21, 33), (21, 29), (22, 53), (22, 35), (22, 24), (22, 39), (22, 42), (24, 35), (24, 39), (24, 42), (24, 31), (25, 26), (27, 55), (27, 47), (27, 23), (27, 36), (30, 50), (30, 60), (30, 47), (30, 23), (31, 53), (31, 35), (31, 39), (31, 42), (33, 37), (33, 38), (33, 12), (34, 37), (34, 49), (35, 56), (35, 39), (35, 42), (36, 55), (23, 55), (37, 40), (37, 43), (37, 61), (38, 44), (38, 43), (38, 52), (38, 58), (39, 56), (39, 53), (39, 45), (41, 54), (42, 53), (42, 45), (45, 53), (46, 49), (47, 55), (51, 4), (11, 48), (53, 56), (54, 57), (55, 60)]"
0,83,7,0.7446897126197418,"[(8, 59), (8, 3), (8, 28), (9, 41), (9, 6), (9, 13), (5, 27), (5, 0), (5, 17), (5, 55), (10, 29), (0, 50), (0, 7), (0, 60), (0, 55), (0, 47), (0, 23), (0, 36), (2, 53), (2, 35), (2, 22), (2, 31), (13, 32), (14, 37), (14, 38), (15, 17), (15, 30), (15, 55), (16, 20), (16, 37), (16, 38), (17, 50), (17, 7), (17, 30), (17, 47), (17, 23), (17, 36), (1, 54), (1, 41), (1, 28), (18, 21), (19, 11), (7, 55), (21, 33), (21, 29), (22, 53), (22, 35), (22, 24), (22, 39), (22, 42), (24, 35), (24, 39), (24, 42), (24, 31), (25, 26), (27, 55), (27, 47), (27, 23), (27, 36), (30, 50), (30, 60), (30, 47), (30, 23), (31, 53), (31, 35), (31, 39), (31, 42), (33, 37), (33, 38), (33, 12), (34, 37), (34, 49), (35, 56), (35, 39), (35, 42), (36, 55), (23, 55), (37, 40), (37, 43), (37, 61), (38, 44), (38, 43), (38, 52), (38, 58), (39, 56), (39, 53), (39, 45), (41, 54), (42, 53), (42, 45), (45, 53), (46, 49), (47, 55), (51, 4), (11, 48), (53, 56), (54, 57), (55, 60)]"
0,84,7,0.7446897126197418,"[(8, 59), (8, 3), (8, 28), (9, 41), (9, 6), (9, 13), (5, 27), (5, 0), (5, 17), (5, 55), (10, 29), (0, 50), (0, 7), (0, 60), (0, 55), (0, 47), (0, 23), (0, 36), (2, 53), (2, 35), (2, 22), (2, 31), (13, 32), (14, 37), (14, 38), (15, 17), (15, 30), (15, 55), (16, 20), (16, 37), (16, 38), (17, 50), (17, 7), (17, 30), (17, 47), (17, 23), (17, 36), (1, 54), (1, 41), (1, 28), (18, 21), (19, 11), (7, 55), (21, 33), (21, 29), (22, 53), (22, 35), (22, 24), (22, 39), (22, 42), (24, 35), (24, 39), (24, 42), (24, 31), (25, 26), (27, 55), (27, 47), (27, 23), (27, 36), (30, 50), (30, 60), (30, 47), (30, 23), (31, 53), (31, 35), (31, 39), (31, 42), (33, 37), (33, 38), (33, 12), (34, 37), (34, 49), (35, 56), (35, 39), (35, 42), (36, 55), (23, 55), (37, 40), (37, 43), (37, 61), (38, 44), (38, 43), (38, 52), (38, 58), (39, 56), (39, 53), (39, 45), (41, 54), (42, 53), (42, 45), (45, 53), (46, 49), (47, 55), (51, 4), (11, 48), (53, 56), (54, 57), (55, 60)]"
0,85,7,0.7446897126197418,"[(8, 59), (8, 3), (8, 28), (9, 41), (9, 6), (9, 13), (5, 27), (5, 0), (5, 17), (5, 55), (10, 29), (0, 50), (0, 7), (0, 60), (0, 55), (0, 47), (0, 23), (0, 36), (2, 53), (2, 35), (2, 22), (2, 31), (13, 32), (14, 37), (14, 38), (15, 17), (15, 30), (15, 55), (16, 20), (16, 37), (16, 38), (17, 50), (17, 7), (17, 30), (17, 47), (17, 23), (17, 36), (1, 54), (1, 41), (1, 28), (18, 21), (19, 11), (7, 55), (21, 33), (21, 29), (22, 53), (22, 35), (22, 24), (22, 39), (22, 42), (24, 35), (24, 39), (24, 42), (24, 31), (25, 26), (27, 55), (27, 47), (27, 23), (27, 36), (30, 50), (30, 60), (30, 47), (30, 23), (31, 53), (31, 35), (31, 39), (31, 42), (33, 37), (33, 38), (33, 12), (34, 37), (34, 49), (35, 56), (35, 39), (35, 42), (36, 55), (23, 55), (37, 40), (37, 43), (37, 61), (38, 44), (38, 43), (38, 52), (38, 58), (39, 56), (39, 53), (39, 45), (41, 54), (42, 53), (42, 45), (45, 53), (46, 49), (47, 55), (51, 4), (11, 48), (53, 56), (54, 57), (55, 60)]"
0,86,7,0.7446897126197418,"[(8, 59), (8, 3), (8, 28), (9, 41), (9, 6), (9, 13), (5, 27), (5, 0), (5, 17), (5, 55), (10, 29), (0, 50), (0, 7), (0, 60), (0, 55), (0, 47), (0, 23), (0, 36), (2, 53), (2, 35), (2, 22), (2, 31), (13, 32), (14, 37), (14, 38), (15, 17), (15, 30), (15, 55), (16, 20), (16, 37), (16, 38), (17, 50), (17, 7), (17, 30), (17, 47), (17, 23), (17, 36), (1, 54), (1, 41), (1, 28), (18, 21), (19, 11), (7, 55), (21, 33), (21, 29), (22, 53), (22, 35), (22, 24), (22, 39), (22, 42), (24, 35), (24, 39), (24, 42), (24, 31), (25, 26), (27, 55), (27, 47), (27, 23), (27, 36), (30, 50), (30, 60), (30, 47), (30, 23), (31, 53), (31, 35), (31, 39), (31, 42), (33, 37), (33, 38), (33, 12), (34, 37), (34, 49), (35, 56), (35, 39), (35, 42), (36, 55), (23, 55), (37, 40), (37, 43), (37, 61), (38, 44), (38, 43), (38, 52), (38, 58), (39, 56), (39, 53), (39, 45), (41, 54), (42, 53), (42, 45), (45, 53), (46, 49), (47, 55), (51, 4), (11, 48), (53, 56), (54, 57), (55, 60)]"
0,87,7,0.7446897126197418,"[(8, 59), (8, 3), (8, 28), (9, 41), (9, 6), (9, 13), (5, 27), (5, 0), (5, 17), (5, 55), (10, 29), (0, 50), (0, 7), (0, 60), (0, 55), (0, 47), (0, 23), (0, 36), (2, 53), (2, 35), (2, 22), (2, 31), (13, 32), (14, 37), (14, 38), (15, 17), (15, 30), (15, 55), (16, 20), (16, 37), (16, 38), (17, 50), (17, 7), (17, 30), (17, 47), (17, 23), (17, 36), (1, 54), (1, 41), (1, 28), (18, 21), (19, 11), (7, 55), (21, 33), (21, 29), (22, 53), (22, 35), (22, 24), (22, 39), (22, 42), (24, 35), (24, 39), (24, 42), (24, 31), (25, 26), (27, 55), (27, 47), (27, 23), (27, 36), (30, 50), (30, 60), (30, 47), (30, 23), (31, 53), (31, 35), (31, 39), (31, 42), (33, 37), (33, 38), (33, 12), (34, 37), (34, 49), (35, 56), (35, 39), (35, 42), (36, 55), (23, 55), (37, 40), (37, 43), (37, 61), (38, 44), (38, 43), (38, 52), (38, 58), (39, 56), (39, 53), (39, 45), (41, 54), (42, 53), (42, 45), (45, 53), (46, 49), (47, 55), (51, 4), (11, 48), (53, 56), (54, 57), (55, 60)]"
0,88,7,0.7446897126197418,"[(8, 59), (8, 3), (8, 28), (9, 41), (9, 6), (9, 13), (5, 27), (5, 0), (5, 17), (5, 55), (10, 29), (0, 50), (0, 7), (0, 60), (0, 55), (0, 47), (0, 23), (0, 36), (2, 53), (2, 35), (2, 22), (2, 31), (13, 32), (14, 37), (14, 38), (15, 17), (15, 30), (15, 55), (16, 20), (16, 37), (16, 38), (17, 50), (17, 7), (17, 30), (17, 47), (17, 23), (17, 36), (1, 54), (1, 41), (1, 28), (18, 21), (19, 11), (7, 55), (21, 33), (21, 29), (22, 53), (22, 35), (22, 24), (22, 39), (22, 42), (24, 35), (24, 39), (24, 42), (24, 31), (25, 26), (27, 55), (27, 47), (27, 23), (27, 36), (30, 50), (30, 60), (30, 47), (30, 23), (31, 53), (31, 35), (31, 39), (31, 42), (33, 37), (33, 38), (33, 12), (34, 37), (34, 49), (35, 56), (35, 39), (35, 42), (36, 55), (23, 55), (37, 40), (37, 43), (37, 61), (38, 44), (38, 43), (38, 52), (38, 58), (39, 56), (39, 53), (39, 45), (41, 54), (42, 53), (42, 45), (45, 53), (46, 49), (47, 55), (51, 4), (11, 48), (53, 56), (54, 57), (55, 60)]"
0,89,7,0.7446897126197418,"[(8, 59), (8, 3), (8, 28), (9, 41), (9, 6), (9, 13), (5, 27), (5, 0), (5, 17), (5, 55), (10, 29), (0, 50), (0, 7), (0, 60), (0, 55), (0, 47), (0, 23), (0, 36), (2, 53), (2, 35), (2, 22), (2, 31), (13, 32), (14, 37), (14, 38), (15, 17), (15, 30), (15, 55), (16, 20), (16, 37), (16, 38), (17, 50), (17, 7), (17, 30), (17, 47), (17, 23), (17, 36), (1, 54), (1, 41), (1, 28), (18, 21), (19, 11), (7, 55), (21, 33), (21, 29), (22, 53), (22, 35), (22, 24), (22, 39), (22, 42), (24, 35), (24, 39), (24, 42), (24, 31), (25, 26), (27, 55), (27, 47), (27, 23), (27, 36), (30, 50), (30, 60), (30, 47), (30, 23), (31, 53), (31, 35), (31, 39), (31, 42), (33, 37), (33, 38), (33, 12), (34, 37), (34, 49), (35, 56), (35, 39), (35, 42), (36, 55), (23, 55), (37, 40), (37, 43), (37, 61), (38, 44), (38, 43), (38, 52), (38, 58), (39, 56), (39, 53), (39, 45), (41, 54), (42, 53), (42, 45), (45, 53), (46, 49), (47, 55), (51, 4), (11, 48), (53, 56), (54, 57), (55, 60)]"
0,90,7,0.7446897126197418,"[(8, 59), (8, 3), (8, 28), (9, 41), (9, 6), (9, 13), (5, 27), (5, 0), (5, 17), (5, 55), (10, 29), (0, 50), (0, 7), (0, 60), (0, 55), (0, 47), (0, 23), (0, 36), (2, 53), (2, 35), (2, 22), (2, 31), (13, 32), (14, 37), (14, 38), (15, 17), (15, 30), (15, 55), (16, 20), (16, 37), (16, 38), (17, 50), (17, 7), (17, 30), (17, 47), (17, 23), (17, 36), (1, 54), (1, 41), (1, 28), (18, 21), (19, 11), (7, 55), (21, 33), (21, 29), (22, 53), (22, 35), (22, 24), (22, 39), (22, 42), (24, 35), (24, 39), (24, 42), (24, 31), (25, 26), (27, 55), (27, 47), (27, 23), (27, 36), (30, 50), (30, 60), (30, 47), (30, 23), (31, 53), (31, 35), (31, 39), (31, 42), (33, 37), (33, 38), (33, 12), (34, 37), (34, 49), (35, 56), (35, 39), (35, 42), (36, 55), (23, 55), (37, 40), (37, 43), (37, 61), (38, 44), (38, 43), (38, 52), (38, 58), (39, 56), (39, 53), (39, 45), (41, 54), (42, 53), (42, 45), (45, 53), (46, 49), (47, 55), (51, 4), (11, 48), (53, 56), (54, 57), (55, 60)]"
0,91,7,0.7446897126197418,"[(8, 59), (8, 3), (8, 28), (9, 41), (9, 6), (9, 13), (5, 27), (5, 0), (5, 17), (5, 55), (10, 29), (0, 50), (0, 7), (0, 60), (0, 55), (0, 47), (0, 23), (0, 36), (2, 53), (2, 35), (2, 22), (2, 31), (13, 32), (14, 37), (14, 38), (15, 17), (15, 30), (15, 55), (16, 20), (16, 37), (16, 38), (17, 50), (17, 7), (17, 30), (17, 47), (17, 23), (17, 36), (1, 54), (1, 41), (1, 28), (18, 21), (19, 11), (7, 55), (21, 33), (21, 29), (22, 53), (22, 35), (22, 24), (22, 39), (22, 42), (24, 35), (24, 39), (24, 42), (24, 31), (25, 26), (27, 55), (27, 47), (27, 23), (27, 36), (30, 50), (30, 60), (30, 47), (30, 23), (31, 53), (31, 35), (31, 39), (31, 42), (33, 37), (33, 38), (33, 12), (34, 37), (34, 49), (35, 56), (35, 39), (35, 42), (36, 55), (23, 55), (37, 40), (37, 43), (37, 61), (38, 44), (38, 43), (38, 52), (38, 58), (39, 56), (39, 53), (39, 45), (41, 54), (42, 53), (42, 45), (45, 53), (46, 49), (47, 55), (51, 4), (11, 48), (53, 56), (54, 57), (55, 60)]"
0,92,7,0.7446897126197418,"[(8, 59), (8, 3), (8, 28), (9, 41), (9, 6), (9, 13), (5, 27), (5, 0), (5, 17), (5, 55), (10, 29), (0, 50), (0, 7), (0, 60), (0, 55), (0, 47), (0, 23), (0, 36), (2, 53), (2, 35), (2, 22), (2, 31), (13, 32), (14, 37), (14, 38), (15, 17), (15, 30), (15, 55), (16, 20), (16, 37), (16, 38), (17, 50), (17, 7), (17, 30), (17, 47), (17, 23), (17, 36), (1, 54), (1, 41), (1, 28), (18, 21), (19, 11), (7, 55), (21, 33), (21, 29), (22, 53), (22, 35), (22, 24), (22, 39), (22, 42), (24, 35), (24, 39), (24, 42), (24, 31), (25, 26), (27, 55), (27, 47), (27, 23), (27, 36), (30, 50), (30, 60), (30, 47), (30, 23), (31, 53), (31, 35), (31, 39), (31, 42), (33, 37), (33, 38), (33, 12), (34, 37), (34, 49), (35, 56), (35, 39), (35, 42), (36, 55), (23, 55), (37, 40), (37, 43), (37, 61), (38, 44), (38, 43), (38, 52), (38, 58), (39, 56), (39, 53), (39, 45), (41, 54), (42, 53), (42, 45), (45, 53), (46, 49), (47, 55), (51, 4), (11, 48), (53, 56), (54, 57), (55, 60)]"
0,93,7,0.7446897126197418,"[(8, 59), (8, 3), (8, 28), (9, 41), (9, 6), (9, 13), (5, 27), (5, 0), (5, 17), (5, 55), (10, 29), (0, 50), (0, 7), (0, 60), (0, 55), (0, 47), (0, 23), (0, 36), (2, 53), (2, 35), (2, 22), (2, 31), (13, 32), (14, 37), (14, 38), (15, 17), (15, 30), (15, 55), (16, 20), (16, 37), (16, 38), (17, 50), (17, 7), (17, 30), (17, 47), (17, 23), (17, 36), (1, 54), (1, 41), (1, 28), (18, 21), (19, 11), (7, 55), (21, 33), (21, 29), (22, 53), (22, 35), (22, 24), (22, 39), (22, 42), (24, 35), (24, 39), (24, 42), (24, 31), (25, 26), (27, 55), (27, 47), (27, 23), (27, 36), (30, 50), (30, 60), (30, 47), (30, 23), (31, 53), (31, 35), (31, 39), (31, 42), (33, 37), (33, 38), (33, 12), (34, 37), (34, 49), (35, 56), (35, 39), (35, 42), (36, 55), (23, 55), (37, 40), (37, 43), (37, 61), (38, 44), (38, 43), (38, 52), (38, 58), (39, 56), (39, 53), (39, 45), (41, 54), (42, 53), (42, 45), (45, 53), (46, 49), (47, 55), (51, 4), (11, 48), (53, 56), (54, 57), (55, 60)]"
0,94,7,0.7446897126197418,"[(8, 59), (8, 3), (8, 28), (9, 41), (9, 6), (9, 13), (5, 27), (5, 0), (5, 17), (5, 55), (10, 29), (0, 50), (0, 7), (0, 60), (0, 55), (0, 47), (0, 23), (0, 36), (2, 53), (2, 35), (2, 22), (2, 31), (13, 32), (14, 37), (14, 38), (15, 17), (15, 30), (15, 55), (16, 20), (16, 37), (16, 38), (17, 50), (17, 7), (17, 30), (17, 47), (17, 23), (17, 36), (1, 54), (1, 41), (1, 28), (18, 21), (19, 11), (7, 55), (21, 33), (21, 29), (22, 53), (22, 35), (22, 24), (22, 39), (22, 42), (24, 35), (24, 39), (24, 42), (24, 31), (25, 26), (27, 55), (27, 47), (27, 23), (27, 36), (30, 50), (30, 60), (30, 47), (30, 23), (31, 53), (31, 35), (31, 39), (31, 42), (33, 37), (33, 38), (33, 12), (34, 37), (34, 49), (35, 56), (35, 39), (35, 42), (36, 55), (23, 55), (37, 40), (37, 43), (37, 61), (38, 44), (38, 43), (38, 52), (38, 58), (39, 56), (39, 53), (39, 45), (41, 54), (42, 53), (42, 45), (45, 53), (46, 49), (47, 55), (51, 4), (11, 48), (53, 56), (54, 57), (55, 60)]"
0,95,7,0.7446897126197418,"[(8, 59), (8, 3), (8, 28), (9, 41), (9, 6), (9, 13), (5, 27), (5, 0), (5, 17), (5, 55), (10, 29), (0, 50), (0, 7), (0, 60), (0, 55), (0, 47), (0, 23), (0, 36), (2, 53), (2, 35), (2, 22), (2, 31), (13, 32), (14, 37), (14, 38), (15, 17), (15, 30), (15, 55), (16, 20), (16, 37), (16, 38), (17, 50), (17, 7), (17, 30), (17, 47), (17, 23), (17, 36), (1, 54), (1, 41), (1, 28), (18, 21), (19, 11), (7, 55), (21, 33), (21, 29), (22, 53), (22, 35), (22, 24), (22, 39), (22, 42), (24, 35), (24, 39), (24, 42), (24, 31), (25, 26), (27, 55), (27, 47), (27, 23), (27, 36), (30, 50), (30, 60), (30, 47), (30, 23), (31, 53), (31, 35), (31, 39), (31, 42), (33, 37), (33, 38), (33, 12), (34, 37), (34, 49), (35, 56), (35, 39), (35, 42), (36, 55), (23, 55), (37, 40), (37, 43), (37, 61), (38, 44), (38, 43), (38, 52), (38, 58), (39, 56), (39, 53), (39, 45), (41, 54), (42, 53), (42, 45), (45, 53), (46, 49), (47, 55), (51, 4), (11, 48), (53, 56), (54, 57), (55, 60)]"
0,96,7,0.7446897126197418,"[(8, 59), (8, 3), (8, 28), (9, 41), (9, 6), (9, 13), (5, 27), (5, 0), (5, 17), (5, 55), (10, 29), (0, 50), (0, 7), (0, 60), (0, 55), (0, 47), (0, 23), (0, 36), (2, 53), (2, 35), (2, 22), (2, 31), (13, 32), (14, 37), (14, 38), (15, 17), (15, 30), (15, 55), (16, 20), (16, 37), (16, 38), (17, 50), (17, 7), (17, 30), (17, 47), (17, 23), (17, 36), (1, 54), (1, 41), (1, 28), (18, 21), (19, 11), (7, 55), (21, 33), (21, 29), (22, 53), (22, 35), (22, 24), (22, 39), (22, 42), (24, 35), (24, 39), (24, 42), (24, 31), (25, 26), (27, 55), (27, 47), (27, 23), (27, 36), (30, 50), (30, 60), (30, 47), (30, 23), (31, 53), (31, 35), (31, 39), (31, 42), (33, 37), (33, 38), (33, 12), (34, 37), (34, 49), (35, 56), (35, 39), (35, 42), (36, 55), (23, 55), (37, 40), (37, 43), (37, 61), (38, 44), (38, 43), (38, 52), (38, 58), (39, 56), (39, 53), (39, 45), (41, 54), (42, 53), (42, 45), (45, 53), (46, 49), (47, 55), (51, 4), (11, 48), (53, 56), (54, 57), (55, 60)]"
0,97,7,0.7446897126197418,"[(8, 59), (8, 3), (8, 28), (9, 41), (9, 6), (9, 13), (5, 27), (5, 0), (5, 17), (5, 55), (10, 29), (0, 50), (0, 7), (0, 60), (0, 55), (0, 47), (0, 23), (0, 36), (2, 53), (2, 35), (2, 22), (2, 31), (13, 32), (14, 37), (14, 38), (15, 17), (15, 30), (15, 55), (16, 20), (16, 37), (16, 38), (17, 50), (17, 7), (17, 30), (17, 47), (17, 23), (17, 36), (1, 54), (1, 41), (1, 28), (18, 21), (19, 11), (7, 55), (21, 33), (21, 29), (22, 53), (22, 35), (22, 24), (22, 39), (22, 42), (24, 35), (24, 39), (24, 42), (24, 31), (25, 26), (27, 55), (27, 47), (27, 23), (27, 36), (30, 50), (30, 60), (30, 47), (30, 23), (31, 53), (31, 35), (31, 39), (31, 42), (33, 37), (33, 38), (33, 12), (34, 37), (34, 49), (35, 56), (35, 39), (35, 42), (36, 55), (23, 55), (37, 40), (37, 43), (37, 61), (38, 44), (38, 43), (38, 52), (38, 58), (39, 56), (39, 53), (39, 45), (41, 54), (42, 53), (42, 45), (45, 53), (46, 49), (47, 55), (51, 4), (11, 48), (53, 56), (54, 57), (55, 60)]"
0,98,7,0.7446897126197418,"[(8, 59), (8, 3), (8, 28), (9, 41), (9, 6), (9, 13), (5, 27), (5, 0), (5, 17), (5, 55), (10, 29), (0, 50), (0, 7), (0, 60), (0, 55), (0, 47), (0, 23), (0, 36), (2, 53), (2, 35), (2, 22), (2, 31), (13, 32), (14, 37), (14, 38), (15, 17), (15, 30), (15, 55), (16, 20), (16, 37), (16, 38), (17, 50), (17, 7), (17, 30), (17, 47), (17, 23), (17, 36), (1, 54), (1, 41), (1, 28), (18, 21), (19, 11), (7, 55), (21, 33), (21, 29), (22, 53), (22, 35), (22, 24), (22, 39), (22, 42), (24, 35), (24, 39), (24, 42), (24, 31), (25, 26), (27, 55), (27, 47), (27, 23), (27, 36), (30, 50), (30, 60), (30, 47), (30, 23), (31, 53), (31, 35), (31, 39), (31, 42), (33, 37), (33, 38), (33, 12), (34, 37), (34, 49), (35, 56), (35, 39), (35, 42), (36, 55), (23, 55), (37, 40), (37, 43), (37, 61), (38, 44), (38, 43), (38, 52), (38, 58), (39, 56), (39, 53), (39, 45), (41, 54), (42, 53), (42, 45), (45, 53), (46, 49), (47, 55), (51, 4), (11, 48), (53, 56), (54, 57), (55, 60)]"
0,99,7,0.7446897126197418,"[(8, 59), (8, 3), (8, 28), (9, 41), (9, 6), (9, 13), (5, 27), (5, 0), (5, 17), (5, 55), (10, 29), (0, 50), (0, 7), (0, 60), (0, 55), (0, 47), (0, 23), (0, 36), (2, 53), (2, 35), (2, 22), (2, 31), (13, 32), (14, 37), (14, 38), (15, 17), (15, 30), (15, 55), (16, 20), (16, 37), (16, 38), (17, 50), (17, 7), (17, 30), (17, 47), (17, 23), (17, 36), (1, 54), (1, 41), (1, 28), (18, 21), (19, 11), (7, 55), (21, 33), (21, 29), (22, 53), (22, 35), (22, 24), (22, 39), (22, 42), (24, 35), (24, 39), (24, 42), (24, 31), (25, 26), (27, 55), (27, 47), (27, 23), (27, 36), (30, 50), (30, 60), (30, 47), (30, 23), (31, 53), (31, 35), (31, 39), (31, 42), (33, 37), (33, 38), (33, 12), (34, 37), (34, 49), (35, 56), (35, 39), (35, 42), (36, 55), (23, 55), (37, 40), (37, 43), (37, 61), (38, 44), (38, 43), (38, 52), (38, 58), (39, 56), (39, 53), (39, 45), (41, 54), (42, 53), (42, 45), (45, 53), (46, 49), (47, 55), (51, 4), (11, 48), (53, 56), (54, 57), (55, 60)]"
0,100,7,0.7446897126197418,"[(8, 59), (8, 3), (8, 28), (9, 41), (9, 6), (9, 13), (5, 27), (5, 0), (5, 17), (5, 55), (10, 29), (0, 50), (0, 7), (0, 60), (0, 55), (0, 47), (0, 23), (0, 36), (2, 53), (2, 35), (2, 22), (2, 31), (13, 32), (14, 37), (14, 38), (15, 17), (15, 30), (15, 55), (16, 20), (16, 37), (16, 38), (17, 50), (17, 7), (17, 30), (17, 47), (17, 23), (17, 36), (1, 54), (1, 41), (1, 28), (18, 21), (19, 11), (7, 55), (21, 33), (21, 29), (22, 53), (22, 35), (22, 24), (22, 39), (22, 42), (24, 35), (24, 39), (24, 42), (24, 31), (25, 26), (27, 55), (27, 47), (27, 23), (27, 36), (30, 50), (30, 60), (30, 47), (30, 23), (31, 53), (31, 35), (31, 39), (31, 42), (33, 37), (33, 38), (33, 12), (34, 37), (34, 49), (35, 56), (35, 39), (35, 42), (36, 55), (23, 55), (37, 40), (37, 43), (37, 61), (38, 44), (38, 43), (38, 52), (38, 58), (39, 56), (39, 53), (39, 45), (41, 54), (42, 53), (42, 45), (45, 53), (46, 49), (47, 55), (51, 4), (11, 48), (53, 56), (54, 57), (55, 60)]"
